-3.7218,-0.7568,3.6842,-5.1076,0.43553,-2.8468,-12.288,-5.3423,-1.2521,-8.7295,-6.139,-4.9317,-6.4326,-7.2664,-0.76519,1.4009,-1.3472,-14.657,-14.082,1.3074,0.44609,-0.78354,-1.5654,-6.3018,-7.569,-9.7161,-5.8463,-14.312,-5.4757,-9.8954,-2.7067,-7.2623,-21.497,-18.345,-15.769,-16.042,-5.5826,-11.269,-6.1303,-10.245,-8.8256,-6.757,-4.7178,-9.9919,-11.201,-1.2167,0.87501,-5.6154,-9.8643,-0.65248,-0.21503,-2.4765,-12.396,-7.4903,-10.457,-16.051,-4.7047,0.24153,-14.23,-7.1537,-9.4678,-1.5432,-1.4886,-5.5099,-12.444,-16.438,-20.47,-6.7827,-8.8175,-2.0669,-3.5577,-5.0863,-15.762,-17.154,-5.5202,-0.78805,-13.649,-1.2886,-8.6285,-17.168,-2.3916,-1.1192,-11.832,-16.521,-16.074,-2.7964,-2.3399,-4.7705,-11.955,-2.3693,0.88611,-2.7186,-3.5435,-10.594,-1.4284,3.2192,2.734,-4.0512,-5.9755,-18.291,-10.259,-1.2794,1.283,-3.5899,-7.7411,-11.706,-5.9676,-7.0138,-1.8758,0.27897,-8.8189,-11.069,-7.7001,-7.1184,-2.5887,4.6582,1.2451,-8.8613,-7.5458,-9.781,-7.7052,-1.0644,-4.9993,2.8079,2.0245,-6.594,-1.9822,-5.5043,-7.5231,-8.352,-8.91,-9.2679,-12.306,-7.9076,-6.2374,-4.669,-3.6014,-2.2527,-4.0486,-5.2809,-9.3478,-0.55771,-0.0020367,-5.8063,-10.532,-9.3727,-8.8936,-5.43,-2.0366,3.9661,5.2823,3.6375,-12.584,-10.535,2.196,-3.599,-5.5986,0.60103,-0.73847,-7.853,-17.327,-18.25,4.122,0.82135,-3.4096,-13.21,-1.6392,1.2828,5.0796,5.1321,-12.425,-15.277,-13.841,-11.038,-9.4889,-7.094,-13.429,-19.83,-10.493,-1.6138,-4.0179,-1.3366,0.45246,-6.3768,0.82192,1.6518,-1.8233,-4.9676,0.70908,0.62423,-3.647,-4.0074,-5.31,-4.5175,-13.17,-4.642,-3.063,-0.70696,-9.0857,0.3882,1.6721,-1.6113,-4.6653,-8.6876,-11.69,-14.751,-12.155,-11.79,-1.6386,-6.8347,3.7493,2.9392,1.168,3.2587,1.331,-8.8599,-12.93,-14.439,2.8406,-5.3546,-5.7317,-7.3829,-6.3012,-8.8053,7.3336,2.7952,-2.5606,-17.112,-5.226,-5.9745,-9.3044,-5.6332,-3.4685,2.4129,-2.1145,-9.5635,-3.1678,-5.1881,-4.4991,-6.0456,-3.9697,-4.5523,-3.3917,-3.534,-9.8301,-10.008,-2.5033,0.13251,-4.3319,0.34062,-2.4397,-7.8431,-8.1725,-5.4142,-9.0941,-8.1608,-13.218,-17.034,5.2182,-1.0266,-12.025,-3.4593,-5.2572,-2.5126,-6.0232,1.9682,2.1,-1.8748,-6.017,-7.4024,-0.20612,-8.3458,-6.9246,-10.392,-3.7061,-5.8333,-6.3394,-6.4503,-8.6329,-9.5054,-7.7564,-6.8809,2.0859,4.5475,-3.6861,-0.51189,-14.547,-13.202,-0.31563,0.44653,-6.8724,-9.8116,-7.8683,-9.119,2.3381,1.8538,-8.7849,-7.5256,-7.2953,-6.3961,-12.513,-7.9188,-4.6186,4.8816,0.67278,-8.1056,-3.6352,-4.8906,-10.32,-9.7134,-7.7829,-7.2988,-8.2068,-13.291,-9.6232,-11.311,-7.5965,-5.7886,-6.4867,-9.1908,-2.6492,-4.6896,2.6989,-1.6905,3.2738,2.3593,-10.478,-7.9892,-14.326,-9.1219,-7.3533,-6.0472,-6.6965,-8.9841,3.5199,4.1417,-2.7379,-10.589,-11.504,-6.5188,-5.1664,0.55814,-9.3979,-9.2751,0.6333,-7.8281,-9.659,-6.0245,0.6427,2.9543,2.1627,1.1226,-7.2057,-9.1244,-9.9003,-6.5424,-4.1235,-9.6739,-10.136,4.5275,-3.7852,-5.5258,-10.888,-7.2654,-8.5134,-6.3228,-3.2974,-2.8412,-6.3145,-1.2731,0.19846,-10.765,-6.2626,-8.766,-5.2072,-5.2133,-12.749,-11.157,-10.016,-11.082,-2.7086,-0.7863,-10.472,-8.6455,-6.2644,-8.1856,-10.177,-9.0918,-8.8841,-4.7516,-6.6092,-7.6511,-6.675,7.2131,1.0581,-4.1466,-8.4295,-11.862,-9.0733,-8.3563,-1.5811,-4.958,-6.69,-5.5399,-0.25463,-1.4749,-1.2769,-6.3137,3.5882,3.773,0.1788,-11.094,-6.1295,-3.3156,-5.0453,-2.344,-0.631,-10.47,-8.6515,-6.1645,-8.5314,-7.1933
-1.2002,7.1203,7.8123,3.2946,7.6655,13.03,12.989,1.0168,-2.4049,1.7593,4.238,-1.4783,-1.2013,1.0779,0.49631,-5.2251,-4.6979,0.76314,-2.1009,1.5382,9.3722,4.9564,-2.4364,5.2656,6.4749,1.5192,-1.1527,9.8843,6.3424,7.6415,-3.0434,-1.8756,5.9695,4.3333,7.4617,10.46,-1.8575,1.5519,-0.27688,-1.5317,-1.7237,-2.4104,2.9304,7.5262,6.5155,3.1347,6.1103,-1.1643,3.2019,6.4172,5.5736,0.96335,4.3398,1.8494,1.8397,7.9751,-2.1457,4.9434,6.4453,6.8723,11.453,17.738,8.585,-0.66714,5.6866,7.7504,4.5118,0.21873,5.5,-3.0622,-1.3464,5.4443,2.3079,-0.29466,5.0819,3.6054,2.4668,11.491,7.6484,7.3813,-2.5189,-2.7217,8.0108,8.9019,8.6973,2.4148,-3.9194,-0.1867,5.4234,11.971,4.758,0.44511,-0.92063,8.6939,6.1741,-0.72234,7.8732,-2.4661,1.9541,9.8594,2.7142,2.0635,2.3066,6.0083,3.5134,-0.306,11.719,15.243,3.23,-11.271,5.4506,-3.4943,1.3683,11.56,1.619,5.7002,-0.62369,12.636,11.896,14.507,7.5623,-7.1519,-4.8569,-2.5084,-4.0418,6.405,-4.8421,-10.092,-3.9536,13.669,21.493,16.972,11.564,7.004,7.8056,3.6148,0.19023,1.2509,-1.8991,-0.49427,15.134,-0.269,-2.9294,6.446,12.725,4.7217,12.213,2.5784,0.086017,2.0375,1.3699,-7.7582,-2.8773,7.4706,12.875,3.8371,2.4489,9.2777,-1.6369,3.5268,-0.44587,-2.5525,13.412,-3.576,-0.79821,5.9055,5.1865,13.851,10.325,2.8213,4.4054,12.264,12.582,10.163,3.5818,-0.46325,3.164,6.43,5.6966,1.1838,-6.1308,-6.2524,-2.0762,0.97135,-5.0068,-2.4381,1.2669,-3.6489,1.3982,15.893,1.5462,-0.86424,2.2998,-5.376,4.8615,-0.78508,1.693,1.2489,0.43356,-4.3466,-3.1619,1.5941,-2.9321,1.5436,8.4628,5.221,4.5271,5.2698,2.0639,2.3621,-1.4351,-1.8358,3.2083,11.043,1.7235,1.7715,15.977,17.727,2.6456,3.9865,7.9787,-2.3699,0.89159,16.614,6.0378,10.056,8.0321,9.6108,1.9303,9.5007,11.974,8.606,2.0579,-1.463,1.8827,8.6296,-7.0333,-8.2885,1.0309,10.253,6.0071,-4.5466,-9.9534,2.6566,18.391,16.595,6.6578,4.8999,0.096175,-3.9374,-5.1879,5.5378,15.332,5.1131,-0.56245,17.424,18.7,5.7366,9.0737,8.2898,12.075,4.5582,-3.8937,-2.1331,-2.903,2.8043,0.10965,4.2708,10.052,8.1756,3.4933,8.6786,3.4493,13.833,3.8741,-2.7294,1.2327,17.16,14.128,12.907,3.0105,11.131,5.0019,5.2814,-1.8443,-4.7863,4.6137,18.775,7.4197,-1.0007,8.8326,12.03,14.123,12.096,8.6448,0.52708,14.419,3.2898,-4.99,2.214,7.6961,15.869,3.4557,5.3625,2.2859,11.844,-0.043419,-5.3029,2.3387,13.91,22.591,15.778,6.6894,10.349,12.417,17.588,11.452,10.697,8.5215,5.8041,-4.2306,5.4961,5.664,-0.017716,5.5283,5.8659,4.4178,-7.2586,3.3038,20.088,3.4906,-2.4247,9.8655,9.9616,-5.5314,-1.2769,-1.1502,5.5596,18.401,10.459,-6.8838,-1.9216,13.29,12.167,1.133,11.34,22.156,4.4996,-3.3833,6.3174,1.1803,1.1198,0.40686,9.0676,13.434,13.037,0.24815,11.763,19.051,2.0872,0.49736,14.665,8.531,4.4914,14.707,14.352,5.7166,2.3473,-9.2702,-2.6797,1.721,9.9855,7.2438,19.747,6.48,-3.1967,4.6159,10.186,4.4063,2.2831,-1.4088,0.32333,8.5625,17.277,17.047,6.089,7.218,11.276,15.38,13.295,6.3688,16.596,2.1231,4.0856,-1.4169,0.63001,7.064,16.498,18.131,10.287,3.699,-0.92817,6.7065,-0.36168,-0.26717,-1.7113,4.8727,10.491,-0.21892,1.9894,-1.4654,9.7698,3.3014,-3.9953,-0.36228,0.9658,-4.6284,5.7715,17.358,17.658,18.165,22.307
-8.5127,-19.879,-15.14,4.1887,-13.166,-10.136,14.521,18.999,0.24177,22.826,16.373,5.5368,16.365,20.324,-8.0784,-14.733,-5.2401,-4.0733,-12.488,-9.2529,-13.295,-12.615,5.197,-6.6876,-6.4154,4.6487,14.085,-7.5359,-3.346,0.97391,1.2648,-5.6968,-7.754,3.6546,11.867,8.4046,19.058,18.3,11.771,15.427,20.366,13.215,17.228,8.6804,6.3348,-4.6685,-7.9821,17.408,22.448,2.3989,-4.3893,6.8017,17.951,16.136,17.76,18.37,7.327,-5.3325,-6.9503,-7.2389,-5.6651,-5.1317,-6.867,14.54,7.6781,14.379,1.3835,17.938,5.9226,2.7362,15.795,20.13,4.5572,-5.2085,3.0362,4.5992,0.17387,4.3563,-5.1767,16.448,9.8481,6.7582,10.018,12.331,18.211,10.369,3.3537,21.523,13.412,-12.676,-9.0713,-0.92684,4.2242,-5.3016,-8.0745,-8.2534,-9.2272,9.2489,5.0662,13.762,12.756,11.493,5.1393,13.737,8.508,5.927,12.033,12.879,4.932,4.9723,14.589,5.8087,6.4259,15.152,5.3286,-9.4295,8.4825,15.457,16.228,13.599,0.22835,-9.2853,0.27536,-12.015,-4.8329,17.043,2.9002,1.7138,6.6434,7.7773,13.382,15.496,18.392,17.205,18.503,9.1861,6.7059,13.695,4.2615,7.9133,14.409,0.1719,9.2144,17.23,8.2968,10.696,3.9378,8.4783,12.303,-9.5878,-14.049,-1.8222,15.181,11.282,-7.6871,6.1717,0.83909,-6.4442,1.9348,16.676,6.1216,0.041244,-1.7592,8.2987,21.324,7.3803,-7.5435,-8.4621,-3.4605,-19.924,5.229,18.551,7.9468,12.905,15.674,9.8813,16.637,10.235,11.494,-0.48921,14.262,12.779,-9.7548,9.3979,3.2434,4.9507,0.59133,-8.1819,-6.5047,-8.7688,4.7886,2.9317,2.1901,13.681,8.5514,19.251,8.5228,4.0798,18.786,3.8434,3.9984,1.6555,-7.5387,-2.7204,17.46,21.901,19.478,-0.99567,-3.9909,19.358,-6.5545,-6.8417,-6.4806,-8.4871,-4.518,3.2961,10.178,13.742,-4.6343,4.2264,11.113,5.9231,6.0835,19.017,-5.019,-3.904,-0.13665,10.267,1.8855,0.2199,12.64,13.027,18.82,8.3351,9.1977,7.7287,2.1019,-4.2136,-12.058,13.693,17.072,-1.4197,-6.1261,4.5485,0.67395,10.775,9.5926,0.61144,3.4369,-2.2525,5.2023,9.7513,18.239,7.0447,7.0356,13.828,10.542,7.154,-5.1648,-3.4551,13.3,12.883,6.3482,3.349,-0.59209,-1.74,-11.014,-0.18311,17.685,18.394,9.7694,10.148,11.034,12.812,15.362,7.5669,10.085,13.134,7.3085,10.296,17.279,17.17,-3.1937,-0.067194,5.4542,-0.19777,9.2942,13.6,4.5023,8.7217,17.792,13.619,20.369,18.734,1.0446,-1.5533,10.285,9.7043,2.5063,2.4663,6.0007,8.0225,8.3665,-8.8713,6.0601,11.028,2.8888,-0.81064,9.5931,12.59,11.32,17.192,13.867,15.281,13.314,12.445,15.848,17.972,16.045,11.682,-1.1929,12.439,1.2569,2.5873,-7.9781,-8.3366,3.2949,1.2845,5.1289,7.6387,5.8392,-0.49937,13.768,8.5383,0.89455,-0.47846,12.217,24.139,3.1794,10.547,3.7867,1.5651,8.9187,13.011,-0.99031,4.0918,5.2181,9.0764,-9.3175,-5.2842,-0.081279,-1.1918,11.87,14.602,13.139,17.233,5.3115,7.2324,15.856,-2.3282,11.292,13.106,8.0326,13.098,10.738,15.835,17.384,5.6489,-2.4636,1.3353,-9.9423,7.2256,13.262,6.2868,8.2402,8.2994,5.5843,4.7117,5.6129,1.7079,-2.4456,-4.6069,5.6062,10.982,13.975,8.6432,8.9945,12.214,5.0301,5.8118,13.857,11.551,10.302,-2.8759,-9.1475,0.25855,14.968,6.4649,14.93,12.426,3.7813,13.921,10.981,6.0801,6.0925,4.8324,12.998,14.457,-5.6765,0.34068,-2.7461,7.1105,1.6872,4.2659,-12.01,2.0409,4.0118,13.089,9.0978,10.02,12.813,2.3643
3.4482,-2.844,-14.166,-2.8772,-2.0826,-6.2652,6.9372,7.5899,10.225,3.7336,7.0985,3.8846,2.1439,8.185,-4.5935,5.8369,0.95426,6.2605,6.3032,-0.11688,-7.7498,0.87445,-0.54577,9.5969,13.611,13.218,-1.0338,10.842,13.293,16.446,6.3203,2.4222,12.384,8.1204,0.39241,11.597,1.1999,2.9367,10.668,5.4116,-1.8192,7.614,3.3576,-0.6093,7.4215,-1.9871,-1.8757,8.3809,0.72415,-4.711,8.3876,13.253,5.729,13.215,6.7956,-2.3321,1.0816,3.4264,17.99,15.088,6.2744,-12.969,0.955,13.528,16.357,-1.0856,8.182,16.125,7.7361,2.2282,13.458,7.6119,6.8658,9.2696,14.997,8.2997,11.293,-10.609,8.2039,1.2616,10.972,10.091,8.5628,2.0158,-0.84552,6.4761,-2.1416,4.1537,17.477,8.8958,4.3705,14.257,15.517,8.0321,12.185,1.9481,0.25478,14.214,9.8253,-1.9198,9.1288,15.112,-0.071706,3.2632,0.76887,-2.8405,-2.6159,-7.0254,0.44854,-7.3106,-2.9955,-5.4065,-3.4534,-0.68697,-0.8412,5.6822,9.7047,-0.87673,-3.6216,-5.5857,9.1538,10.006,7.2549,7.9435,1.7217,-1.2031,-1.5271,-1.5686,3.1468,6.4599,-2.4165,5.7708,0.14574,-4.569,2.4482,5.9259,-9.6504,1.6111,-0.59822,0.7464,-1.3512,7.3777,5.081,-3.8596,-6.0056,-7.0285,-10.338,-7.8429,5.0942,9.9516,2.6306,13.137,1.1999,2.9924,3.8171,6.8654,7.9839,0.12462,5.5343,-1.251,5.5244,5.8741,-4.3988,12.45,11.024,12.955,6.9384,-8.4749,-9.0351,-3.607,1.2919,-0.95205,3.0694,2.3076,0.64427,7.2101,6.6061,7.1928,12.332,10.124,11.849,2.8917,3.9839,12.512,-0.78167,1.9417,7.6568,0.99977,6.0687,-7.2492,5.4137,6.5804,8.8723,17.255,18.87,16.352,6.9762,0.52788,7.9498,0.60298,0.68914,8.3597,1.1987,0.24627,3.0005,3.6802,7.5079,10.549,4.6187,12.883,3.6488,6.0169,7.6115,-0.89386,10.504,3.854,1.2917,-4.1138,12.362,4.5693,-12.031,-8.4229,-2.554,2.1507,-1.209,0.19142,9.5153,13.01,8.7902,4.4811,-7.3258,6.724,-1.6999,-0.42318,8.4264,2.428,0.80351,0.82331,14.039,-2.063,-4.4184,5.5868,12.776,13.47,6.6674,3.1919,10.128,15.68,7.6968,3.052,1.3507,-0.58859,-1.4005,-13.251,-15.218,-6.3687,-1.3857,2.9005,4.3278,13.068,13.648,2.7547,-4.3923,1.8121,4.7728,6.8126,2.9921,8.2268,0.91604,-2.4821,11.355,-8.033,-6.7744,8.2374,2.133,-9.5444,-5.5688,-4.3664,6.5346,4.4647,1.1029,-3.4819,15.752,9.4227,-0.95224,2.0279,3.4118,4.1674,-0.34319,7.4743,-5.1174,0.50034,-9.1173,-12.686,-6.7294,9.6659,-0.76877,-16.784,-0.94559,8.48,1.1039,-5.8159,1.6469,4.9075,10.448,-1.2522,-2.3386,-1.4009,-5.0368,-2.8269,0.68958,-1.4105,10.869,0.93423,-0.89505,-0.96048,-4.1873,-5.9921,-7.1857,-11.388,3.842,5.6005,1.1098,10.942,10.477,6.5901,-11.955,-1.0396,1.2924,-5.0145,-13.801,-10.453,0.60889,1.8937,1.6297,9.4954,6.1188,-4.36,6.7422,-4.9877,-1.0456,0.904,-2.7817,-1.9134,11.359,9.4368,9.2665,9.0361,7.8767,-1.0074,10.267,10.821,-6.1502,-8.2471,-0.018175,-3.9412,-6.3101,-3.0411,1.6445,17.694,1.1458,-4.8682,-1.5783,-5.299,-8.281,-2.7913,-3.9694,-3.2461,-1.7972,6.8688,10.697,3.1457,4.8846,8.2521,3.2673,-6.9404,-4.3328,-6.4619,-8.5388,-11.782,9.2028,7.9915,5.5459,-4.7615,-4.8012,-14.189,-15.201,-4.0356,5.587,-0.20285,-7.6568,-4.1263,5.2854,2.5293,8.571,10.408,1.854,-4.3074,-2.3135,6.7443,13.482,1.7728,-8.0491,-2.5117,10.774,5.6194,3.1107,-1.3427,9.0528,6.8509,-0.75922,-9.0272,5.1377,-3.8854,7.0901,3.7984,-0.24889,-0.59976,-12.071,-3.3827,4.5869,1.055
2.3724,-6.8133,-4.609,13.25,3.2257,0.93309,3.7522,-1.2364,8.1056,-3.3341,-11.336,-7.0686,1.5075,-6.525,5.2714,-2.5395,-5.0081,-9.643,-4.8253,11.691,3.5369,13.478,-2.9346,-3.9857,9.9557,5.6575,4.5144,6.8689,11.862,-1.8808,-1.9178,-6.5866,-6.7023,3.5745,11.865,-10.657,-1.2992,6.143,3.5591,5.3235,7.3821,9.02,-2.7204,-7.2515,8.0068,10.794,8.8566,-5.6856,-3.8395,12.474,15.657,0.64918,-1.0435,-3.6469,-1.8364,0.86272,8.1774,9.8894,6.9072,16.144,-3.8751,3.7288,3.8498,-4.8758,-3.5533,3.1276,-5.0813,-7.602,-7.7822,-9.2995,-10.591,-10.399,-7.3186,-7.1585,1.1223,-1.4582,1.484,0.17793,2.0179,1.8122,-8.0425,-8.4074,-2.977,2.8564,1.3511,-5.6795,-12.633,-7.3943,-8.6667,4.052,12.065,5.4613,-3.0502,2.9312,1.7374,4.9944,20.796,0.41539,5.8234,4.3821,0.45644,-7.856,5.5221,0.44358,-8.1922,-10.474,3.0138,12.756,-7.3413,-3.8177,3.3887,-5.0398,-3.5348,8.5498,9.3822,10.497,8.7954,8.0969,3.7254,5.5892,-2.2652,-3.5053,-1.159,11.154,6.873,2.0337,-6.6896,2.5652,1.1059,6.4731,11.665,8.3448,9.2449,5.7782,-0.66955,-2.3251,-2.9541,-2.3849,-6.1805,-0.33095,11.872,-6.3898,3.0112,-2.5523,5.894,3.7166,-1.5627,-6.5558,-3.1571,5.9388,4.4528,-0.75055,10.037,3.6644,7.7555,-6.435,-9.233,17.862,1.6092,-7.7242,-10.521,-9.3412,-0.73808,-4.0839,-8.9376,-3.7703,7.1467,6.381,-6.5493,-0.11031,-4.8756,10.933,5.8963,0.36867,-1.3771,1.7513,-4.0608,-4.061,0.15741,0.74527,-4.1109,-9.5376,-1.2743,-2.5506,-1.6561,-3.3514,-4.2866,-10.546,6.0513,15.311,4.1449,-5.8516,-4.9179,-7.2395,-5.3631,-6.5827,0.33625,-0.087281,-8.4947,-1.7732,-3.4384,-2.744,-10.123,0.25154,-2.1319,-1.5011,-6.2916,12.904,10.512,-8.5811,2.5758,-1.3333,4.1796,4.4249,3.7399,13.052,14.65,7.825,12.223,-4.4182,-0.8093,-5.4236,-6.9969,6.9577,12.62,4.2347,3.3321,-3.8832,8.3202,16.136,0.78488,-1.0143,-0.42132,6.7762,11.114,3.8248,-14.814,-14.577,-3.0607,2.0727,-3.8929,-8.8962,0.60632,16.877,18.921,10.65,3.4912,2.3187,-6.9893,4.4431,-1.8746,-2.7177,4.1968,-8.6765,-3.4602,4.1587,16.781,6.0574,0.36918,9.6714,0.5183,-0.85673,-3.2637,1.0778,-1.7674,6.4163,8.9787,10.326,5.4927,0.084118,2.9081,-9.1511,-6.5775,18.034,0.65864,-7.645,-5.16,13.831,4.8204,-0.76196,-1.3128,4.1747,0.88831,2.8222,-7.3635,-8.6654,2.8252,12.835,10.106,1.5731,-2.1564,2.5261,11.624,9.5848,6.1935,11.666,2.6294,-1.1993,-2.8303,-3.7846,2.3613,6.7218,10.419,8.4334,7.7908,1.9478,-6.3827,-1.0763,0.3942,11.743,12.777,4.1759,4.2443,13.834,11.664,11.986,2.1292,0.7366,1.2453,-4.4109,-5.0355,-1.8232,6.9866,-0.6354,9.204,12.26,-0.024432,-3.9257,-1.6311,4.9141,-1.52,-8.3476,0.24821,-0.56897,-14.71,-4.5502,3.5495,5.2461,13.019,1.5319,0.18821,-4.9694,11.08,4.6063,-0.34002,5.5001,16.892,9.8631,10.071,7.9486,5.7504,2.5184,-7.7928,4.0192,4.7916,2.1489,-12.686,-0.27873,16.473,5.7036,-2.9702,10.685,-6.5972,-5.0342,-1.6781,4.0957,-4.7579,-4.728,-0.14787,-2.2357,13.458,8.8063,15.082,15.753,-9.1762,-2.0488,-0.99939,2.5107,2.0852,3.0981,3.0103,0.13352,7.3312,12.061,7.1849,0.28187,1.6939,6.9357,13.023,9.9261,3.4546,7.3072,11.596,11.496,-0.32135,-6.7812,1.0547,5.1315,6.1658,4.157,0.97269,0.98177,-5.5677,0.51728,-6.1995,-4.1473,12.574,3.9462,10.917,8.606,7.0601,2.2138,-7.9749,-4.8004,-0.11547,-12.781,-11.292,2.5452,7.1864,10.645,16.356,14.184
-8.0612,3.9757,1.9499,8.6754,5.7831,-1.3326,9.0564,3.6042,12.127,11.26,-4.2727,-16.28,1.0673,13.392,4.1545,-11.085,-16.016,-10.061,-0.19989,8.4881,7.3603,6.2537,-11.822,-2.6723,11.324,3.8648,9.7573,0.98572,0.48787,9.4839,-16.272,-10.941,-2.2252,6.2933,12.957,11,3.2992,9.3808,-3.7147,1.5443,12.333,-0.32587,0.037791,3.3101,-1.4999,-0.67502,-0.71681,11.851,12.48,13.602,1.4116,4.3758,11.821,-0.81001,1.9651,8.4023,13.47,9.8633,4.5745,9.3388,0.78116,3.9529,4.5275,4.3157,3.1551,8.899,7.3484,4.5719,-6.5765,-14.192,-0.3769,11.919,-0.84276,-5.9235,-7.9972,-17.443,1.6186,1.2922,14.981,19.627,-3.374,-7.9102,6.1843,2.5696,13.462,-4.5243,-13.194,-0.67597,10.685,12.951,8.8085,3.8373,1.4533,4.7742,-8.9078,-17.537,0.16389,2.9568,6.8536,16.248,-0.4646,-0.41598,5.8799,8.8894,1.5085,1.3998,-1.7104,-2.7104,-2.6549,-4.736,-1.0325,1.0493,3.555,1.3509,-3.7818,-3.4652,-1.1177,-2.2688,-1.2431,-3.3006,7.1692,-3.636,2.6145,0.47835,-11.165,1.6913,-9.649,-1.6459,0.89499,-0.085403,-0.091323,0.42409,-0.93442,1.5004,-0.52292,-12.354,-4.3731,-6.5108,-8.9864,-6.3562,0.91404,-6.0465,-3.2544,-2.867,-4.9797,4.2305,-7.2456,-7.8696,-11.557,11.149,6.728,-0.90006,-0.68754,7.3983,7.7499,-18.699,-18.474,0.66649,9.1693,10.125,2.5363,-4.9797,-0.34497,8.2369,11.819,2.6921,9.342,8.7002,-1.5459,-4.4097,1.3684,10.839,6.7691,-2.627,4.037,6.2617,11.226,9.3248,4.8042,-5.7636,1.5882,5.2729,-14.413,-8.4327,-21.76,-22.603,-20.624,-20.119,-4.2873,3.2461,-2.6401,-19.888,-11.706,0.055642,-1.0122,-1.0862,4.8436,7.9173,2.8422,-20.359,-23.047,-20.6,-20.528,-17.507,8.2588,12.886,14.579,3.0991,12.168,7.5346,-8.778,-17.494,-7.8696,3.4648,7.2203,-0.019853,-3.3514,11.338,-6.6255,-2.6942,-2.0055,0.29645,5.3553,-0.67473,3.5798,0.16591,11.351,11.795,4.5401,3.2652,-3.1678,2.5816,-1.2608,3.5433,-2.8557,8.2499,0.53575,-9.1309,-17.458,0.95187,-2.9422,-3.114,2.6164,-3.5444,5.3232,4.149,-4.5387,-6.7468,-6.5323,-7.1118,-9.7634,6.3399,0.80648,0.63436,0.35519,-3.1097,-1.0909,10.848,4.6475,11.213,10.019,-4.1609,-14.203,-17.221,-1.8282,-5.8764,2.7487,-11.548,0.12913,0.34248,-0.2138,-0.5853,0.65416,3.7021,-2.6185,0.64813,1.8785,-5.5612,5.1386,-3.6234,-5.5448,2.2241,-9.2252,-0.064771,-3.7275,-3.202,9.0881,3.2888,2.2314,-4.0725,-0.64464,4.9786,-7.039,-7.0203,5.678,-3.6061,-8.424,-0.67563,-1.325,-1.0934,8.02,11.251,-1.721,-2.2414,0.097866,1.8127,-3.1809,-9.324,-1.7124,2.0889,1.7156,2.7926,3.6913,-5.0845,5.4134,-6.4452,3.3283,-5.0471,-3.1313,-9.6182,-16.602,-3.4676,0.47335,-10.827,-1.088,-1.3191,0.83393,9.4151,9.924,-4.0208,0.59695,0.58924,3.178,2.7341,-12.17,-18.076,-10.169,-2.386,2.0538,-0.39942,3.2697,-6.3851,-8.3007,3.5706,-13.962,-17.488,-2.2001,-6.6075,-4.0733,2.7204,5.9717,3.4911,-1.3883,0.39801,7.8646,-0.76438,-4.2472,-3.3674,-2.4993,-18.918,-16.676,0.077572,-10.113,-11.57,-2.1033,8.4884,0.92664,-2.9048,0.39359,0.3452,5.4107,-1.0968,1.5819,5.2867,-5.931,-5.8351,-2.6864,-13.71,-9.8952,-2.7091,-0.76507,-5.046,-2.2717,1.37,2.3954,0.23217,-3.1917,-1.6718,-1.5459,-9.662,0.17031,4.8511,-2.0212,1.49,-11.77,-5.0081,3.5963,-6.7193,2.9334,3.5727,-0.87305,1.0511,0.75045,3.756,-9.871,-9.4138,6.3788,4.0106,-1.4649,-5.2605,-1.8783,1.1446,-5.562,-8.2388,-5.0888,-0.86274,-3.8617,-2.7132,-2.3578,1.1468,-2.2825,-2.6672
-19.786,-10.652,-6.5219,-18.961,-8.1206,6.6055,4.3014,-0.18256,-4.5736,-3.5232,-4.8553,-6.0579,-1.2319,-4.3269,-15.82,-10.572,-5.573,-1.9073,-6.4301,-1.6099,-4.3304,-7.5256,-5.7995,-1.6695,7.2186,-0.48364,3.1668,5.77,-1.5172,-3.8597,-7.9399,2.9433,1.0302,-9.0884,-4.4625,2.2648,-1.1851,-5.6371,-1.3676,1.9551,6.4348,9.4419,-5.353,-0.50104,2.9197,-5.3983,-1.3586,2.0142,-8.0799,-4.9312,-4.1907,-10.485,-5.2854,4.6696,0.91933,-8.7284,-3.161,-11.993,-5.1457,-0.42756,2.4969,5.7682,1.9806,-0.35278,1.2667,-4.0401,-1.4798,0.61738,-1.72,-7.4656,-2.8262,2.6845,8.5942,-2.2945,-7.2953,-3.5384,-3.3662,-1.3532,0.9876,-5.9715,-15.422,-14.849,-4.4001,1.0941,-8.3193,-2.7977,-4.2026,-0.51237,-1.3798,-6.8711,-4.5447,-0.12513,0.70437,-3.5087,-23.01,-16.936,-3.8677,-9.9169,-11.964,-5.7141,-0.16276,-2.3374,9.837,4.2222,-4.8827,-4.0686,-2.6593,1.4342,-0.88188,0.56666,-0.86198,1.9196,-2.8905,-7.0593,-0.83852,-5.147,-6.299,-6.9625,-5.4225,-3.6473,-5.9828,6.6108,16.231,0.66418,-0.59706,-4.6161,11.191,16.228,11.79,2.4773,1.0051,10.684,-2.0666,-3.9817,-0.15444,-7.5313,4.5304,10.618,9.5763,10.361,-7.4632,2.4886,0.77271,1.7922,-9.7708,-7.6005,-11.015,-7.2181,-6.3247,1.9743,-6.9683,-7.4864,-10.275,4.9304,2.0419,-2.2168,-3.7102,-5.5196,-11.085,-3.2708,9.3185,-1.6645,-0.47493,1.433,3.7342,8.7237,4.5681,3.7531,-3.8954,-12.788,-8.2606,-5.5467,-1.8445,-2.9957,-9.6726,-13.499,-10.28,-2.7263,-15.474,-23.853,-6.3792,-7.9375,-18.281,-3.586,-9.0549,-11.419,-9.4688,-15.846,-4.333,6.3841,-4.455,-7.9729,-7.8738,-6.5097,2.225,-4.382,-5.6554,-1.6785,-2.0139,-8.9249,-11.161,-8.4189,-15.845,-0.54841,6.4315,2.656,-0.097559,-14.388,-5.2419,1.2184,-22.479,-14.268,-16.679,-5.4504,1.3106,-10.424,-2.8425,-0.88797,-2.4003,7.4997,1.5868,6.2833,9.4638,-6.8688,-3.2894,1.6804,4.213,3.1217,-9.6458,-1.2272,-2.7103,2.034,-6.2532,-0.19415,5.0394,-5.5696,2.5714,-2.1181,-15.616,-9.4172,6.9956,11.995,9.3258,10.402,3.3631,2.2322,13.853,8.9468,12.374,0.086158,11.58,-3.421,-8.2798,-4.2271,-0.41218,-8.6519,5.4231,1.0005,4.4816,4.0225,1.8374,7.8696,14.472,11.962,9.6133,-0.17301,-2.5919,-4.223,-8.2192,-0.55814,1.0883,-4.6172,4.7556,2.3333,2.9803,4.5689,1.4373,-5.4988,0.15978,1.018,4.0132,-1.2236,-0.4349,-4.8113,14.688,15.477,-1.8759,0.96509,5.8727,3.311,-2.5218,-5.6975,-2.6248,-4.0851,0.45733,-0.14227,-0.22665,2.3101,16.25,7.3964,-5.9841,-2.657,-0.54614,-3.525,-9.3682,-11.113,7.5809,4.8859,-7.7417,0.20897,1.6653,-4.1269,-4.3855,-8.6759,-7.1575,-2.4483,-5.4228,-2.8677,1.7141,-2.0815,-9.038,-6.6036,-6.4709,1.9392,5.864,-2.4566,6.7967,19.171,-0.17785,-6.8438,0.065163,2.5654,-1.7637,-5.7208,3.0822,4.1729,3.9742,1.2355,-5.8563,-1.6648,10.601,7.7341,-4.0489,-1.8808,-1.1332,-3.2411,2.1961,8.2451,2.3032,-8.8846,6.186,7.2222,-3.0124,-7.9852,-9.5855,-2.3516,4.2022,5.787,-0.46859,-5.2127,-5.6874,-0.86411,-7.7624,-11.44,-2.5817,-3.0568,2.4394,3.8676,12.652,10.027,-0.52633,-2.7131,-1.3509,-1.9898,-0.3835,1.2862,-8.5816,-14.635,-11.27,0.065563,-11.753,-11.519,0.064451,0.20616,-1.8849,3.2468,0.48649,-6.2563,-2.1226,-7.8964,-7.0122,3.6559,2.3569,-0.56875,-4.0134,6.5701,3.2123,-3.3697,-4.3621,-1.5237,-2.6738,-0.67396,2.7802,2.1166,-2.3556,-3.4629,-14.296,-8.3622,-7.8837,-9.9507,-9.3512,-12.831,-0.7152,0.63455,-10.677,1.2473,3.3749,-4.7643,-0.04353,-2.4231,-4.5707,-0.5411
5.2154,-5.6961,0.20717,11.227,-8.3175,-2.735,-3.6455,-2.3086,4.4712,-1.1281,-0.25126,2.9661,9.4044,2.4897,1.8685,5.6459,16.288,9.5976,6.3444,-4.5384,-3.5808,-12.911,5.1137,4.642,-7.5097,-0.28544,3.2053,-1.1153,2.4557,13.05,1.8199,10.249,5.7511,14.455,17.493,0.72472,9.9845,5.8237,8.3939,6.0713,13.864,13.514,-0.73645,-4.6723,-3.9609,-12.678,-7.728,1.7939,4.671,-4.3511,6.3995,8.9967,3.8547,-2.9875,6.2586,5.9759,0.21068,-0.91003,3.0164,2.0939,6.135,7.4294,4.7979,14.483,10.988,4.9667,-2.2958,4.6818,5.5507,10.127,3.771,-1.8343,5.2833,6.8578,17.266,9.3334,6.8801,12.85,6.1377,8.3834,7.4162,3.7416,6.7727,5.1327,4.6488,3.5978,3.98,3.8798,3.6493,-2.0855,-7.0855,-7.7627,9.5358,12.132,2.5545,-0.61809,-5.0212,7.1936,0.77867,3.8859,11.911,8.0915,-1.3926,-7.4741,-15.486,-14.297,-9.2297,-4.9036,-3.3925,1.5881,-5.1675,-16.059,-14.851,-12.704,-3.8901,-4.8877,-0.83449,-2.3368,-5.9609,-3.0216,-7.3154,1.4534,10.168,4.7765,0.76969,-8.4791,-13.7,-3.0727,-6.4664,1.6248,5.0761,-1.4409,-1.5968,1.9916,4.0463,-0.23989,-6.0687,-7.7598,-3.5863,-2.2285,-0.82653,-10.183,-0.34486,-5.6501,-7.5216,-9.3296,-11.759,-9.829,-3.3773,2.9973,-4.5709,-9.4872,2.0768,-4.7431,-5.0928,1.4957,2.6646,2.6091,-6.3328,4.7379,8.6891,6.2942,5.1599,-5.9377,1.4607,5.7555,0.22275,-1.0624,-0.26626,-5.8517,3.9861,10.316,2.0532,7.9864,4.3536,7.458,11.299,7.6581,12.2,5.8138,-1.6435,-0.43825,9.2295,8.7425,10.538,9.3325,8.3525,11.244,7.5812,-6.3029,6.5994,6.2554,8.454,10.119,5.5917,5.5473,-6.7105,-10.633,1.7691,11.2,9.3433,8.7335,10.639,5.6565,-6.5083,-2.1028,-0.25095,10.216,-4.5935,2.947,5.5656,6.7579,-1.0933,6.1867,-1.1783,10.9,14.226,9.3047,-8.032,-1.7524,-4.1705,-5.1386,-4.6791,-3.9246,-6.1847,-2.7129,0.20432,-4.4407,0.56286,-2.2285,-5.3784,-9.7654,1.2668,-4.0598,5.489,-1.9776,-12.355,-21.288,-18.681,-10.132,-1.9825,-0.44028,4.7275,1.6113,0.4005,-10.921,-6.4879,-0.073122,-8.0464,3.7639,-3.0184,-10.458,-5.0486,-7.6552,-2.0307,4.2034,-3.4347,4.4426,6.4169,2.7897,0.093247,-1.7757,-6.7877,-4.62,-2.9403,3.1813,11.225,-5.0943,-10.513,-5.067,-0.37567,-5.9774,-5.3426,4.4671,-3.6226,0.72164,-0.56033,-3.5398,3.5562,4.1869,-1.7381,-0.42065,-5.8203,-17.755,-11.646,-8.5352,-8.0706,2.0195,0.47642,-11.305,-11.355,-6.3038,-2.1045,-7.9216,-5.2493,1.3425,-1.4045,-0.88995,6.611,1.5618,-3.0688,3.2349,-1.1822,-5.2548,-7.014,-7.5055,-12.066,-12.435,-9.3468,-4.6207,1.4452,-5.8437,-4.1015,-1.5567,-5.1272,-3.8879,4.0802,-8.3899,-2.2569,-11.159,-15.926,-26.584,-14.413,-14.197,-5.6706,4.7345,-3.8102,4.7471,4.1985,-2.6019,-7.3851,-17.862,-8.3524,-3.0085,1.2098,-4.5158,-5.424,-14.906,0.9525,-7.7335,-3.6055,-10.417,-5.2624,-6.2353,1.8871,-1.6286,-8.4545,-0.80957,0.95535,6.6687,-11.764,-5.9106,-21.63,-15.767,-2.4606,-2.2201,-6.3557,-4.885,-2.1626,-6.3447,-9.0844,-3.1683,-14.385,-14.893,-0.36524,0.38904,-9.9253,-9.534,-5.785,-6.05,-3.3672,0.33384,-1.8612,1.5608,-10.764,-7.5613,-6.4296,-8.4972,-10.894,-3.049,-11.505,-9.9476,10.78,1.8307,4.5709,4.9795,6.4313,0.13081,-3.862,-5.2647,-8.8553,3.0644,7.1472,7.3713,-5.0587,1.7311,-6.0013,-0.4042,-0.24619,-1.1023,-2.9397,1.6553,-5.5505,-1.2347,-5.2094,-13.777,-5.1166,-1.0318,-14.146,0.70317,-0.8292,-8.049,-11.76,-9.6673,-19.431,-7.7094,-7.0698,0.2528,4.869,3.009,-4.946,-9.6078
-1.866,-3.1369,-4.2022,0.75909,0.13437,1.4587,8.4181,-6.9003,-10.339,12.264,-5.0049,-3.3719,-5.5539,-0.21207,5.6211,9.5533,4.0409,-4.9083,-12.981,-11.471,-4.2585,-2.5212,-7.4861,-3.152,8.3687,5.9852,-3.9212,7.8951,4.7074,-4.0183,-8.3523,-8.844,-2.4383,-0.48085,6.512,-5.3893,-12.242,-5.7409,-16.434,-5.0855,2.5691,-4.4442,-14.112,-12.212,-4.6532,-2.0188,-7.6081,-2.7326,-0.76271,2.7793,-10.328,-9.3754,0.29437,-1.1242,-2.9764,-2.7434,-8.2589,-6.5972,2.8665,-0.60031,1.5542,-6.391,-13.715,-11.187,-5.7286,-7.4338,0.83237,-4.178,-12.145,-9.9615,-2.3532,1.5081,-4.3187,-0.19646,-15.137,-17.561,-1.3439,-0.87398,-5.3063,-2.5833,-2.2619,-1.3272,-2.5297,-2.9314,1.452,-13.254,-11.383,-11.134,-1.96,-7.8227,-0.11219,3.8622,3.3258,-5.752,-6.9398,-5.6,-9.9967,-12.317,-3.5234,2.7569,-0.025039,1.7432,-8.5832,-2.5351,2.4259,6.9596,-4.4962,-5.4228,0.079528,-7.1818,1.1205,-0.541,-2.9032,-3.684,-4.7991,2.1282,6.6315,8.7057,6.0443,2.9829,6.1393,1.3203,4.47,14.218,2.4985,-5.8026,-7.4289,-1.9469,3.7621,-1.88,-0.78949,3.8383,-7.6909,1.7648,1.0618,-1.956,5.224,-2.3371,2.3272,-0.33561,-3.6467,-2.5552,0.079237,8.2723,-9.3283,-2.5376,-2.5548,1.7658,-6.7638,6.9683,-2.633,0.16737,2.1598,-6.923,-15.87,-14.085,-8.4853,-7.4875,-3.2396,0.91386,-5.0729,-2.5412,8.2954,2.0377,-0.66287,-4.6495,-6.9686,-2.1682,1.3255,-3.1933,0.53512,0.089132,6.714,7.9571,-1.5645,-1.7172,-0.82038,-1.8382,3.6432,3.916,-4.0322,-1.2381,3.3659,-8.2975,-5.9993,-9.529,-9.7728,3.474,1.6086,-0.33854,-11.309,-14.364,-6.9875,-3.2291,-5.2907,-7.9016,-5.3495,-9.0039,-7.3842,-6.9634,-8.6973,-11.072,2.1007,13.278,2.5184,1.6793,-1.0913,2.429,0.28562,3.2561,-5.1144,-3.7248,-7.6639,-4.2861,-4.4996,-1.9233,-3.5297,-7.7183,-6.1059,10.805,0.23329,11.301,13.615,3.1645,-8.2527,-0.95039,2.074,-1.0587,8.8728,-6.4191,-2.9952,7.0131,-2.5935,-10.855,-0.31686,7.6687,-3.009,-15.366,-13.941,2.2197,7.6918,7.6948,7.8068,-2.1669,7.374,4.2501,1.5245,11.41,4.9966,3.1899,11.572,3.4048,-2.1666,7.3727,8.8334,0.78954,2.8723,0.78927,0.67352,-2.2011,-1.5825,0.58562,1.7753,0.4293,0.68015,6.2518,11.409,7.7737,1.6966,-2.0335,-5.7801,3.7274,8.4116,1.0214,6.8473,2.7685,3.1144,-2.6828,-11.821,-3.1626,5.7242,6.5931,-6.5206,6.9092,8.3034,3.5434,-0.57711,-1.1229,-4.3572,-8.3172,0.99004,2.8242,1.0642,-0.96228,-2.7648,-3.2307,-3.7423,2.1819,3.4491,5.3006,11.274,12.973,-3.6385,0.30459,8.7799,7.3273,-0.48754,-7.3695,-8.2164,-5.435,-4.1272,5.8755,0.3601,-10.676,0.92886,-5.891,3.4911,-1.48,10.418,-5.503,-14.681,-9.9298,-8.357,-10.887,8.6973,6.2985,1.1723,4.1074,8.5442,-1.3996,2.4561,-0.49621,-2.67,2.8985,3.3631,0.15521,-10.69,-4.5297,-0.018122,7.4803,14.068,2.7697,-7.5037,0.33047,3.1656,-9.0952,-2.5901,-1.9745,0.3567,-2.0414,-9.0884,-5.7737,-2.5514,-0.5621,3.1201,2.6122,5.5296,-0.80396,0.72055,-0.098951,-4.2905,2.1096,-6.4867,-0.55379,9.0281,6.5468,3.8765,1.9037,6.8922,5.4495,9.6068,-6.5309,1.8064,-9.0415,0.34556,-3.1865,-6.1945,-12.434,-2.0902,10.434,-9.9584,-9.1474,-6.8775,5.3435,3.3037,4.4702,5.8738,0.17944,-10.452,-10.29,-15.404,-1.8602,0.63652,2.7481,6.3306,11.251,8.2011,-2.0225,4.2517,2.0939,-3.6074,0.88015,7.8058,9.2672,6.0811,8.0789,5.6933,9.0151,-3.6422,-0.69229,3.4001,-6.2272,-5.8377,-5.4269,-12.213,7.4473,6.9679,6.8384,8.4115,6.4995,0.83578,-4.0674
-0.60673,-1.6371,-3.5091,6.2312,2.8724,-2.0671,1.5597,2.8193,1.7042,-3.957,-1.2195,2.0501,6.1753,3.8448,5.3281,5.0181,4.8796,-0.63747,-3.0947,1.8752,-4.2712,-0.32759,-6.635,-12.511,1.6542,-6.4101,-0.57299,-5.389,-5.1211,-3.7311,-0.91824,8.3425,5.4339,-1.8454,-2.8646,8.6543,9.5931,1.3376,-5.326,-2.8362,7.0104,-1.9808,-4.1761,0.53395,8.4453,2.7033,-2.9865,-0.46933,2.2212,-7.2792,-6.5806,-7.014,0.05652,-3.0135,-2.5307,4.9661,8.9352,3.6987,6.5476,14.272,-4.0736,-8.6248,-4.9688,2.3989,-3.7124,6.0211,6.9779,4.8564,4.5176,4.1375,-4.2669,4.1628,7.7009,-3.8515,0.13498,0.15293,1.4102,2.5238,5.5618,4.4471,-8.4637,-7.834,-7.0881,-5.1732,2.1727,6.3437,6.438,6.7962,6.9743,2.1437,-0.93644,-3.4879,-4.9989,-0.26134,6.1262,13.899,6.5116,0.1453,3.5769,2.2505,1.0231,-2.1151,-11.201,-4.29,-14.95,-6.1436,-11.441,-5.7561,-2.5553,2.8245,-4.783,-14.598,-9.368,-16.424,8.1296,8.6817,7.1646,-2.1695,-1.3627,-4.4176,7.0133,-5.1556,5.138,8.208,4.4568,-5.5757,-4.8508,8.3681,4.7527,2.4588,-1.7118,6.1214,10.168,8.9148,-4.8764,-21.905,-7.0505,-1.07,0.95511,-1.099,-14.503,-1.9915,1.0345,2.1004,-15.81,-14.47,-7.1897,-4.003,0.2618,12.288,7.0234,-0.32306,-0.89794,1.8573,0.43363,7.1838,4.6926,-3.0883,-6.8939,4.2654,-1.9492,-7.3181,0.45221,-4.3065,7.1875,6.1675,-1.7605,-8.2113,-3.6306,6.8677,9.3167,-0.43995,-4.4574,-3.9809,-2.5966,-2.0381,8.3408,5.8923,2.0162,1.4788,1.7217,9.1559,4.3921,-0.028323,4.4165,3.093,-1.7226,2.2677,-1.8658,-6.7695,-5.9049,3.1808,4.3102,-8.9081,-2.5545,6.5433,6.8684,0.66969,3.5927,4.5131,3.4616,-2.5209,2.0942,3.3755,2.678,5.0503,7.2113,-6.7808,-3.6842,-2.1771,8.9796,7.0752,8.9553,-1.4183,-5.6852,0.7257,1.2333,1.6871,5.1757,5.9297,3.1665,2.7839,2.6769,-8.9161,-3.1839,1.6634,0.48004,1.7176,11.751,1.3916,-8.3097,0.48867,5.5924,-0.31456,-2.9307,-4.8275,-6.1211,-16.606,-15.612,-12.257,-6.9978,1.0805,1.8144,5.2262,15.851,3.5059,7.2627,-5.0188,1.8821,4.996,6.3041,-3.3787,-13.716,-3.2735,4.5331,3.5609,-1.678,-0.20981,-1.7412,-2.4956,0.853,-1.5402,1.067,6.5623,4.1321,5.4543,13.814,-2.1433,-3.7648,-4.9733,3.4245,3.1615,9.3197,4.8855,1.1244,8.502,5.3295,-4.6917,0.027691,-1.4133,-1.9401,-8.3314,-5.2249,0.93098,0.81998,-2.7067,-0.32574,2.7701,0.66386,-1.7619,-16.491,-8.6269,-1.8959,-3.4037,-5.8964,-2.0716,0.6798,3.4883,-0.66002,-1.6752,-3.9558,1.2837,8.1633,9.8682,-4.5772,-10.871,-3.1622,-3.725,-10.388,-7.3426,0.80473,-5.3897,-5.4467,-5.5519,-3.4219,-4.8214,-0.17974,-13.375,-5.7299,-18.127,-19.054,-23.554,-7.8558,-8.2882,2.2934,14.125,2.9368,4.6108,2.6553,-2.8561,-11.119,-7.0202,-16.403,-8.0884,-1.4915,-4.9977,-2.8268,-4.6245,2.9726,1.1821,4.9004,-6.7672,-12.482,-11.697,0.26926,-4.141,4.0789,-1.8119,1.5697,-6.2008,-5.6487,-5.7592,-12.869,-19.17,-9.8645,-0.046017,7.9925,-0.7053,-9.3659,-1.7972,-7.6848,6.0712,-7.9383,-1.7979,4.1964,-0.53697,-4.2485,-6.698,-1.7235,0.30248,7.5122,-2.5815,8.4237,4.6144,-3.1396,-1.3956,-0.7534,-9.0912,1.6138,9.246,-7.3427,-15.695,-0.23312,1.7995,-0.53474,1.8987,3.5757,-8.2256,-3.9974,-4.5246,-11.695,-8.3477,4.613,6.259,-5.28,-3.4055,6.4223,5.4722,2.7378,-0.37011,0.10425,5.5975,3.1942,5.6108,-4.728,6.2486,-1.0793,-6.2851,-4.3968,-2.6874,-5.1241,-13.473,-5.9115,-5.2875,-14.628,6.0703,1.8867,-7.0145,5.6198,2.176,-8.0174,2.349
2.4025,8.1069,9.4568,6.768,0.42558,-6.9919,-1.8815,-5.4055,8.2663,7.5117,0.95514,1.6316,2.2346,1.3331,11.481,1.2167,5.9244,5.004,4.5425,-0.0063467,1.9005,2.9706,6.2974,9.5276,0.74751,2.9367,-2.1511,-1.497,-0.53752,-2.497,5.4549,8.1256,0.11619,-1.668,4.5112,4.358,3.611,-3.7355,4.5753,4.4072,3.3956,3.3961,5.9302,0.1085,-1.9036,4.4112,0.61266,2.1886,-0.06517,5.1233,4.8026,5.8403,-1.6568,6.5329,1.1957,1.4576,7.6673,9.1717,4.1431,2.7865,-2.7661,-0.95374,3.3598,9.1442,11.104,-5.3736,-1.9877,5.1038,0.63369,1.2892,-0.6587,0.26436,1.4803,-0.9158,3.7268,-0.18325,3.6032,6.8683,2.1708,-2.1022,-2.3594,-3.098,6.2823,-5.8341,-5.0515,4.2544,3.7719,1.1717,0.74696,-3.1397,5.5323,5.1778,-0.26389,-4.1936,-3.8728,-7.1744,3.0966,5.8076,-2.5984,-4.6867,1.7596,1.9419,-5.7332,-3.9064,0.54522,4.3747,-5.5278,7.1975,4.3928,0.6002,-2.1836,-6.6636,-3.2663,-4.0372,1.6822,0.15414,-6.2402,12.346,14.784,13.17,6.7315,2.3226,7.2863,4.9548,-3.5733,-8.0328,-10.969,-1.7462,-2.7242,0.11946,2.4699,2.3336,7.2588,6.9046,-2.8252,-3.5227,-1.4948,-10.148,5.058,3.5603,-3.2597,-0.89897,-0.96076,0.81036,-5.52,-5.9617,1.5823,-4.7439,-2.5722,11.274,9.9434,-4.7234,-4.2109,-4.9467,1.5852,-0.58765,2.9754,-0.42612,5.1512,3.5537,7.0003,0.34435,8.4413,1.7848,2.6895,5.4048,4.3076,0.15695,1.6738,1.6097,2.7157,-7.603,-1.4629,-3.5299,-1.0329,3.4523,-2.0947,-2.0112,-4.6536,-1.9619,0.40364,2.2651,-0.38307,5.6456,5.0699,4.3512,-3.5711,1.5073,2.8308,2.1847,4.1787,-2.6323,3.3943,4.4756,3.5529,-5.2488,3.4405,5.8182,-1.1989,5.2331,4.0819,-3.9032,1.1758,-0.6615,-10.558,-4.5142,-1.8733,6.942,3.2389,3.2594,-1.1644,-1.1128,-9.9361,-2.5812,7.3589,-6.6918,-5.0334,-5.0377,-2.3984,2.9407,-1.6821,0.66587,2.234,3.1531,-0.78591,3.8166,2.9276,1.6614,7.5492,8.2626,-8.8839,-5.8334,-1.2102,-4.2316,2.8668,7.8499,3.2423,-5.9763,-4.9901,-6.6093,0.61932,7.2675,11.78,3.8238,6.0098,4.7511,4.4631,3.5972,5.566,5.5189,8.4484,5.2902,5.0731,-1.7796,-2.1853,6.6951,4.2534,4.8079,-0.38243,6.0992,-2.0202,-1.8744,3.4075,7.307,5.7294,-1.7658,8.0116,2.9555,-9.6239,-12.812,-0.077338,5.8705,0.24613,7.1584,3.0509,-0.61268,-0.03642,5.1683,-7.4408,-2.6486,-3.8225,-3.4894,-0.76676,1.4077,6.1008,2.4671,1.3372,4.1103,-3.6139,-10.482,-3.9795,-1.7231,0.7597,0.51879,-8.8779,2.6365,6.1338,5.6253,2.7395,5.6719,5.8089,14.402,2.2627,2.7404,-5.0411,2.2164,-5.4708,-5.5089,-14.392,0.33616,-2.9333,4.4746,-6.9467,-15.114,-7.3661,-10.205,5.1828,2.5839,6.4526,-0.92834,-6.0387,-11.506,-2.771,-3.6648,4.7265,1.3656,-1.3883,6.3866,3.5313,-6.395,-11.579,-7.1271,-15.349,-1.2446,1.3042,-4.6582,-5.2363,-9.6054,1.2331,3.4431,3.5029,-5.1701,-5.774,4.1485,10.294,2.607,-1.6498,8.1932,6.7325,-8.7374,-1.8857,-5.3477,-14.226,-7.3421,2.5389,4.8649,0.10373,1.8377,-1.5314,0.99752,-1.492,5.8599,-6.3422,-5.875,11.798,6.3448,-0.33025,-5.8309,0.49153,5.6806,12.54,-9.7884,-2.3361,-4.7067,-3.485,-4.2934,4.1075,-2.0032,15.301,22.695,-10.288,-10.031,2.6508,11.856,7.1182,2.4788,6.9022,1.23,-1.5247,-11.688,-9.7081,1.5793,0.44066,0.43783,-4.9661,0.10437,-1.7646,8.8942,10.616,1.2501,-0.63841,5.2637,4.0302,3.6346,8.112,4.6286,4.8899,6.768,-7.7507,-9.7485,-2.2231,4.5949,-10.709,-15.026,-10.311,8.7377,10.223,1.0686,12.064,11.929,-3.0079,0.075896
4.865,9.7265,3.4478,-2.8808,-0.62622,1.5037,4.7049,-3.0456,5.1779,-1.142,-3.0107,5.5381,-0.664,-5.9448,-5.3889,5.6604,6.9761,0.49606,-3.3928,-6.8785,0.44179,0.0051327,6.5533,5.1912,-4.2053,-6.8871,0.25351,-2.5098,-6.8165,0.12505,5.5406,13.047,5.5629,0.77115,0.52402,-8.0614,-6.6284,3.0152,-4.8204,2.4634,-2.7955,-0.50952,-7.6169,0.49721,-11.859,-3.8066,-0.015512,-4.1766,-2.0395,1.137,-0.10324,-2.4457,-0.92645,-7.7494,2.9245,0.32288,0.24467,3.4051,-3.9386,1.8384,-8.7449,-8.2689,-4.3016,-5.9015,-7.2939,5.4397,2.3664,-4.0443,1.5652,2.5066,-2.8278,-2.2767,-3.4968,0.34202,-0.0058407,-1.326,-0.411,4.1128,3.2875,-0.19877,3.7039,3.8482,-3.6218,0.019045,-2.534,-2.2713,3.0666,-3.936,-1.5865,0.31985,-0.41528,-1.2148,-2.3101,1.3147,-2.7194,1.8421,-3.5038,-7.7999,-3.893,1.4121,-3.2028,6.6422,-0.33601,7.2655,-3.5958,7.7411,-9.7877,0.65853,1.4345,-2.0599,-4.901,-11.666,-3.7567,-10.502,3.2989,12.432,5.6292,3.4945,2.0447,-3.9628,8.0208,0.43712,2.9631,6.6587,8.6074,0.90804,-3.0555,2.2059,0.19666,0.33963,4.9782,4.341,-1.97,8.0733,1.4093,-9.7331,-6.8288,-4.6654,0.6433,-3.3987,-4.8953,3.2102,8.0584,2.5788,-16.431,-15.14,-6.7755,-7.2944,1.1275,6.552,7.329,-3.9692,7.7654,3.1135,0.9877,1.7131,4.5119,-4.5878,-7.4171,-7.8194,-1.7817,1.9171,-2.1531,-4.5016,-3.2891,-1.0354,1.1975,-3.7085,4.1293,-0.26816,2.6381,0.60122,4.5786,5.0399,-1.8793,-1.419,2.7481,1.0737,2.8438,-1.6642,-3.3709,-3.1506,1.8549,-3.967,5.7343,4.1534,4.0745,7.3643,5.7049,-3.8455,1.2327,3.0695,6.7487,-1.5029,-2.4294,-1.9466,-1.6662,-5.951,-4.7612,5.4299,4.5652,3.2511,7.3086,9.3627,-2.6452,-3.3361,-1.5578,-3.7972,-3.7963,-2.5649,-2.2693,3.1623,-2.1124,-8.5882,-8.9434,3.0549,3.816,2.9262,3.1946,-1.6988,4.7406,4.2145,-1.3723,-2.7072,6.2959,2.6378,-0.031168,-0.76702,16.751,5.0858,-7.1318,-0.35528,9.0787,3.5699,3.6623,5.4104,-0.20084,-16.02,-3.0775,-2.2363,-0.90895,1.3372,1.1855,8.9099,4.3233,-2.0127,6.1349,3.479,4.7925,4.3879,3.3615,-0.48879,-3.4704,-0.9458,3.0148,2.2988,-0.36419,-4.5676,-0.97171,5.5348,1.6303,3.7201,-3.4925,9.1975,4.7675,4.1884,8.4634,0.85716,-5.481,-4.5428,-0.53933,3.6876,2.7202,2.2336,5.7847,3.2826,0.53795,-3.1511,-7.1846,-12.887,-3.4395,-3.9341,2.9523,3.6454,2.7167,-1.4224,5.651,9.2157,6.4454,2.6535,-5.2618,-0.30018,-0.94598,4.0294,-0.60718,4.9884,-7.3216,2.9394,2.99,3.0648,3.7062,0.80304,2.8672,11.504,-2.472,-4.6954,-6.5886,-7.0316,-14.549,-12.508,-3.1198,1.6438,-2.1279,-9.7945,-4.197,-12.775,5.4073,-3.0709,-0.91594,-10.916,-7.2604,-5.1339,5.0024,-4.0743,-1.078,6.1132,-3.3644,-0.4242,6.7512,-10.912,-12.955,-10.411,-7.2146,-1.976,-2.6106,2.2754,2.4169,-5.6854,1.4521,4.4105,2.9467,-10.711,-10.012,0.90145,11.083,0.19735,3.396,8.3147,6.2906,-3.7965,-4.4898,-0.26541,-11.178,-13.212,-0.69931,-1.6628,5.5951,-9.7055,-9.4174,5.5053,0.25862,-0.78416,-1.4622,-5.4963,1.6468,5.1224,10.171,-4.5807,-5.7197,-2.4123,7.8591,-7.8751,0.5729,-5.8679,-3.8088,-2.1816,5.7053,0.044121,11.966,24.898,-8.89,-11.855,-2.515,2.1618,-0.43976,4.5433,3.2999,2.3686,-10.159,-5.2106,0.19658,2.7901,9.0958,4.3814,-7.9932,-1.0632,8.2577,5.5457,0.27314,0.096228,-0.54149,4.7252,3.4383,4.402,2.4389,3.934,3.4957,1.3589,-5.5638,-4.0523,-15.491,-11.169,-9.6438,-4.1739,-8.7101,-0.15643,-2.9144,0.75544,0.5773,-3.9087,-7.2473,-2.7074
3.2636,-0.0098961,3.6553,5.4761,1.8474,1.2321,-1.7047,0.81256,6.8165,4.0773,0.4681,-2.3352,8.3847,4.447,4.0187,-1.5337,2.1081,2.7413,0.85336,-1.7336,-2.5841,-3.1955,-1.7279,2.4039,-3.1174,-5.0878,2.1376,5.9597,3.0694,-2.3549,0.74061,-2.1105,1.8545,-10.087,0.61628,7.0125,2.2591,1.3293,-1.5589,0.23858,3.5551,-1.4121,1.0862,2.6037,4.9444,-2.8722,-1.1038,1.8942,2.2271,-0.083608,1.5183,-2.6831,2.4949,-2.0436,1.3851,1.0648,-0.77403,-4.7158,-0.23488,2.4665,-0.17815,5.5321,1.9684,-0.42405,2.1543,1.0361,6.2859,3.348,2.4409,1.622,-0.027098,4.7984,-1.9744,-0.43324,4.689,2.3333,2.9839,1.0122,1.8474,-0.79395,-1.7487,-2.2075,3.6288,-3.7177,0.02287,-0.74091,-1.1666,0.093928,2.7866,-0.77935,-2.224,-0.63435,1.3695,5.6631,4.4998,4.7359,6.1831,-2.1268,1.6184,-2.5297,2.9576,-0.17787,0.63928,6.5892,2.3975,18.471,-3.9506,3.1189,0.16751,2.3744,-6.6931,-13.192,-5.1565,-5.2415,4.7057,9.2906,9.2769,6.4149,8.0877,6.706,9.5898,0.63683,1.5499,7.6215,5.6253,-4.5201,-6.0825,1.5181,2.8046,3.2181,10.93,9.7198,3.6548,4.6551,3.9392,-3.5718,-3.9894,-1.8296,-0.25729,-3.1983,-8.6497,-2.5351,3.617,-3.6653,-9.7396,-11.054,6.4912,-0.75657,-1.8969,9.3429,8.7065,6.4653,3.4481,1.1824,-1.457,-1.7031,-0.28888,8.5154,2.4673,0.27833,-2.8144,-1.3046,0.9436,-2.0082,1.5976,-1.0272,-2.1834,4.6015,-3.0341,3.0866,1.7252,-2.2629,-0.80708,0.46074,4.8297,2.5525,5.3596,5.6804,3.5489,-0.27426,1.0863,0.85869,1.7905,0.60916,5.2514,4.6602,4.4869,5.05,-1.5554,-1.0648,-2.3656,-0.82721,0.26029,-3.8448,-2.0267,-5.2807,-3.4602,0.92609,3.3003,4.5026,5.2603,5.0935,4.9421,4.772,3.5163,8.3587,5.9652,-3.2383,5.053,0.82833,3.426,6.5629,6.9358,4.0805,-0.96659,-1.0215,-0.82577,0.16474,1.1331,4.1246,4.8819,7.4156,6.4343,6.8529,1.9173,1.4639,-0.72881,0.3468,3.8319,-0.60006,-0.61333,2.8528,9.5174,5.9767,0.018864,3.9688,2.9593,-12.778,7.5293,-6.5641,-0.38416,8.0239,7.7045,8.1054,5.3406,1.3191,3.1706,4.4381,4.3596,0.43033,0.74752,-2.4484,3.1658,-2.2059,-0.18526,5.3764,1.3175,-2.953,0.49985,3.1323,-2.736,-2.7105,-0.87616,1.8975,1.9782,-0.37068,7.1327,6.8813,-4.6928,-6.6437,-2.0825,8.0395,1.15,11.994,5.3123,4.6631,7.043,6.3924,-4.0322,2.5605,0.73643,-2.9465,-0.17924,7.4525,4.8677,-0.55063,6.5875,6.9348,6.5064,0.19983,-1.3916,-3.3168,2.1013,5.0823,-2.7707,1.4926,-2.763,4.5049,5.1867,1.4061,0.99381,8.4558,4.4956,7.965,4.6413,-3.2171,-4.2482,-3.1661,-14.381,-1.5928,3.4018,4.4035,2.1681,-7.8801,-4.6706,-3.1671,7.212,0.094871,-0.8684,-12.634,1.9115,-2.5459,-6.8722,-4.7248,-1.6304,4.5854,0.90625,4.8057,5.1462,-9.7837,-15.314,-13.506,-8.1846,0.74905,2.429,-0.80963,-2.0516,-4.5765,8.2141,5.6662,2.0621,-6.7845,-8.8912,4.87,10.256,5.3522,-1.4755,6.933,1.3576,-0.11196,-3.2007,1.2413,-17.39,-14.52,-6.2925,5.3605,3.4162,0.44025,-2.4515,8.2268,-1.7813,5.912,1.5723,-3.5907,5.3645,2.4555,3.3161,-1.7002,-0.8612,3.8314,9.2691,-3.3949,2.1913,-2.1128,-1.6414,-3.5606,6.9797,14.644,26.503,24.724,-5.0492,-11.624,-6.1082,5.0526,2.1648,5.304,4.4123,5.0825,-3.5298,-8.1729,-6.9244,-1.2183,13.454,5.2618,-0.65608,5.5944,3.9699,12.307,4.8473,-0.92995,-0.06482,6.9715,2.6278,8.2239,2.6423,4.599,2.8793,4.6853,-6.7315,-2.2144,-4.0376,0.94723,2.3907,-6.0385,1.6228,0.23482,2.4862,2.2205,12.125,7.9406,7.8827,2.3315
0.79015,0.63015,-2.519,3.1771,3.1991,4.3222,3.2099,0.23807,-1.8456,-0.96471,-1.2659,-0.21249,-4.6156,-3.8864,-0.88354,0.4649,-3.791,-2.4991,-5.0435,-6.0142,-1.7024,-1.9216,-0.6165,-3.6661,-6.6063,-2.4719,-6.9081,1.7093,-5.3754,-4.2255,-4.437,-1.5879,0.99862,-0.95176,-0.60654,-4.5087,-4.7702,-4.916,-1.2529,-5.6323,-5.3123,-6.266,-3.3316,0.02212,-1.7751,-1.585,-0.1642,0.52047,-3.5559,-5.19,-6.3552,1.6861,-2.5277,-1.0961,-3.7903,0.8367,1.7534,1.8754,-1.5877,-0.85032,0.60413,-3.4319,-4.3668,4.1876,1.5044,-4.2872,-3.2008,-3.2,-0.48452,-0.17911,-1.3603,-3.0546,1.4178,0.89265,-6.2291,-3.8672,-0.59631,0.80508,2.3983,-5.104,-3.0114,-1.7086,3.6127,4.0227,0.3182,1.1566,-2.5735,1.1918,5.1685,-5.524,-3.8559,-8.3555,-2.9581,-2.1588,-0.74145,0.16529,-9.95,-2.2726,-2.6206,-0.40283,0.86705,-7.6099,4.2659,3.6166,8.6479,18.602,-2.6774,1.3758,0.93845,-0.93143,-11.022,-19.674,-4.8646,-4.6595,-0.74884,8.1419,5.6036,6.3397,5.4798,-1.306,8.456,-1.4297,4.8016,5.3325,2.4698,-0.11957,-3.1904,0.80441,2.5357,-4.5915,3.1583,5.7278,0.079158,7.0034,3.0849,-5.6673,-2.489,2.3894,4.0973,-3.0958,-6.2182,-4.8993,0.18802,-2.2648,-10.027,-12.159,5.5482,2.3254,-3.6604,-1.4838,2.2626,5.3865,0.49508,2.6983,-3.7449,-1.4674,-2.8194,-6.9772,-2.8168,-3.1129,3.2014,3.331,2.5165,1.419,3.3998,4.4966,-0.43687,-1.4926,-0.20743,-2.2618,0.5213,1.3761,0.82249,1.8367,-3.0401,0.7972,-1.7214,-3.241,-2.8442,3.1378,-0.59325,0.47514,-2.9498,4.6595,-6.2886,-6.7927,-8.5364,-3.2065,-8.2075,-4.3835,-5.3262,-5.962,-0.67535,-3.765,-0.20738,-2.3085,-4.9223,-2.8537,0.042017,-4.8291,-7.1898,-8.6011,-3.7186,-2.5962,-2.6003,-7.7144,-4.7524,-1.8862,-5.0076,-3.1878,0.42047,0.045285,0.12654,-0.70729,-1.9305,1.0058,4.3198,8.1325,0.92235,4.1982,2.5681,7.6191,5.7802,7.4145,2.3149,5.6885,0.57422,0.16163,-3.5332,-2.0309,-7.4238,-9.1294,3.565,2.538,2.3858,4.3057,0.15649,-12.255,7.256,-0.27356,5.5918,6.5436,-1.4711,5.8487,6.1092,-1.0487,2.4912,0.82817,4.0688,3.5082,2.6522,-4.2225,8.8804,1.503,1.9254,4.3368,-3.8529,-6.1439,1.0022,6.9637,-4.4895,1.1107,1.4098,4.4598,3.7665,0.37205,-0.8678,-3.3941,-9.2597,-10.508,-3.1411,10.274,0.44533,7.7141,5.2049,-0.26578,0.93165,-0.051942,-14.551,-4.6238,3.3936,-0.2488,3.1039,4.8192,2.6804,-1.0959,0.56058,-1.7888,-2.3132,-0.2779,0.58852,0.38797,6.093,8.21,-1.4016,4.9468,-6.7776,-1.19,6.0492,6.83,7.4244,5.5432,-0.65147,6.8678,4.1961,-9.2755,-0.57771,-6.0028,-16.771,-5.0475,-1.1107,5.3033,3.11,-7.7304,-5.8979,-8.235,2.7369,-1.6297,-2.3363,-15.492,3.4705,-1.2823,-6.5414,-15.254,-1.3292,-1.4789,-1.3885,-0.532,0.86803,-10.354,-16.877,-17.471,-4.0884,-2.2157,6.3392,6.827,-1.1647,-1.3173,3.118,3.789,4.8834,-8.2811,-9.6086,2.9154,9.8212,3.8321,-1.6519,4.236,-4.0648,-5.0602,-1.8075,-0.20736,-13.347,-13.233,-3.6735,6.1286,7.6064,-6.1661,-5.3136,4.6895,-1.0105,0.90216,4.1551,1.684,-0.68358,1.9183,4.3026,-7.2954,-3.0323,5.2785,4.9059,-6.5602,4.5543,-5.5825,-5.2058,-6.8084,3.5787,15.248,18.259,6.4939,-2.81,-10.542,-6.0782,5.2606,-2.5012,-1.5556,-0.50772,-0.88678,-11.1,-12.324,-7.1973,-11.573,9.6517,2.5283,1.6664,4.7371,4.3931,-0.17485,3.5589,-0.64596,4.132,3.0007,-0.22476,0.45661,-0.059747,-0.78961,-2.6139,0.69298,-6.694,-1.9355,-11.343,0.18155,-1.3589,-8.2158,8.2196,4.2903,1.8201,2.3395,5.3787,-0.48257,1.011,0.4536
0.35356,2.0897,-1.2839,-2.5025,3.7357,-2.549,-2.3852,-5.1184,-4.9316,1.499,-2.4996,-1.7303,-2.7621,-2.3355,0.9832,1.9233,3.9545,1.4242,0.70982,0.020928,0.62759,5.8257,2.8156,1.5715,-0.60939,-5.2923,-1.8907,-0.22532,-2.496,-3.7082,2.9135,3.2342,2.8147,-6.0492,2.6334,-3.8131,-3.7565,-0.12715,0.33933,4.0095,0.013275,3.4359,-6.6917,-2.3439,-1.7473,-1.8644,5.9786,-2.3629,0.9288,-2.6158,-2.2914,-3.8271,3.0679,-1.4364,0.52252,2.8093,-3.3256,2.2765,4.6597,6.7644,-1.3493,2.8493,1.4185,-2.1951,0.8664,2.9231,-0.067559,-0.32432,-2.6561,0.50421,0.7769,-3.798,0.0057606,1.4968,0.93158,2.1443,1.9212,1.6248,4.1776,-0.019745,2.8838,0.4404,2.5267,3.4097,0.53042,-3.152,-3.1183,-5.7285,-1.7302,-6.0458,-4.1385,-1.5908,2.1756,0.3752,0.71595,1.6935,4.5374,-0.059341,0.92738,-1.4183,-3.2246,2.6149,-1.6941,4.7061,9.4615,13.058,-3.054,-2.1197,-1.4124,-1.071,-12.532,-12.283,1.6414,-2.4537,-0.82408,6.9179,7.2019,5.3135,4.0362,-2.9551,7.8996,-2.1781,-1.6341,1.9608,-3.7913,0.85285,-7.3133,-1.5291,3.2086,1.1473,0.7448,-1.2321,-3.097,4.97,-2.6199,-9.4874,-1.135,5.8156,1.2222,-4.1916,-8.8586,-5.6333,1.1043,-4.3581,-3.6511,-5.4927,12.201,4.0769,2.8461,1.8959,-0.18805,-0.47141,0.30848,-0.14967,-1.4868,1.3405,1.6192,-1.7903,-0.42902,-4.3748,1.1777,-2.5879,-5.1214,-3.2369,-3.9887,-3.3623,-4.1486,-3.5593,-0.26715,3.2937,1.4648,-0.97995,-1.2453,-0.16897,0.42896,1.7447,1.9673,4.2772,2.4942,2.1706,-2.0867,-4.3887,0.6935,-1.4912,-3.1669,-1.2188,0.66453,-1.1444,-4.3816,-0.76373,2.1822,-0.17412,-0.75007,0.042856,-1.4092,-2.7203,-2.5513,-4.281,-2.5825,-3.6004,-1.4978,1.1206,-1.1716,-1.1642,2.3343,1.5378,-3.1234,-2.8658,-6.7897,-3.9206,-1.3731,-1.7464,1.9509,2.1021,-1.5151,-4.86,-6.5184,0.29087,1.9458,3.2477,4.8682,6.8954,8.0427,3.2308,2.2439,5.7265,6.5931,6.7516,1.717,-6.9094,-12.558,-8.0117,5.1086,3.0559,-1.5913,6.1859,9.3963,-2.1062,20.753,-7.5824,-4.4175,3.4636,3.5439,8.2303,6.2481,-2.1173,2.1876,-2.4562,-2.295,3.0843,0.83858,-8.0831,3.713,3.6102,5.8065,3.872,-6.5081,-7.3966,-3.3094,9.4615,1.9323,2.7463,1.8378,8.6441,5.2346,1.1054,2.8791,0.12316,-1.1984,-11.167,0.16012,6.2725,3.2743,4.3543,4.165,2.5148,1.1967,4.6824,-8.6703,-5.4584,-1.931,-7.0347,1.1357,8.4663,2.8706,-5.6172,0.3418,2.2363,4.7,-1.1844,-1.8003,1.537,5.0758,7.4814,-0.13253,1.3366,-3.0689,-4.9555,4.2447,3.1815,2.4016,3.892,-0.61551,5.9117,4.4778,-14.83,-7.527,-10.031,-11.21,-4.3827,5,6.4372,3.1954,-6.3392,-2.7302,-6.6826,7.2735,-9.4183,-11.82,-19.242,10.92,-0.45806,-11.03,-12.906,-2.9819,2.6927,-0.24973,-0.035287,3.1259,-3.6401,-13.521,-17.694,-7.7627,-1.6506,1.8468,2.5898,-0.74998,0.63413,6.0046,11.054,4.6189,-7.6695,-9.8578,-4.4753,-0.86768,4.5408,-5.54,-1.5575,-2.5247,2.3592,-3.8346,1.2389,-10.378,-18.581,-6.469,4.4909,2.6568,-3.5255,-4.2729,-1.549,-4.3465,2.6554,10.075,-0.22138,-2.7489,4.696,3.7872,-7.4586,-5.5749,2.9179,2.6884,-4.0991,2.4762,0.60836,-6.4928,-10.281,3.3465,21.808,14.42,-7.8981,-4.5446,-5.529,-6.2815,10.596,1.3368,-1.6675,0.1635,-1.5634,-4.1305,-4.0469,-0.9789,-8.2135,13.524,2.7189,-7.8395,-2.3438,1.59,2.1051,7.2993,2.6648,3.4591,5.0815,-0.45579,0.6749,1.4412,-2.8702,6.3784,0.10717,-6.2356,-12.404,-9.0392,15.514,2.2901,-10.684,14.332,-0.48534,-2.3715,-2.235,3.0888,4.9271,0.97588,7.9196
-0.5534,-1.8657,-0.87215,0.259,-1.1146,-0.76608,3.7989,7.6066,2.8433,2.7139,0.11683,1.4454,-0.62217,0.96809,0.47055,-0.12671,3.3256,4.6282,-0.39818,-1.164,-3.3297,-5.4273,1.5358,1.6425,0.81077,3.8216,1.9626,0.27819,-1.6947,-1.093,0.93684,0.34362,0.83429,-2.5207,0.57115,-0.36079,1.3315,2.4429,-0.12165,3.398,2.3831,3.2332,0.64306,4.1353,-1.1279,-0.85527,2.1479,-1.2384,0.2998,1.8286,-0.7485,1.6337,-0.41728,-4.0347,2.7902,1.3542,2.9487,1.0144,-0.74756,-0.95095,4.9671,1.9979,0.51206,0.13388,-0.57508,1.7636,0.85534,0.39811,4.5141,0.90292,-2.5732,-3.1836,-1.1205,0.35356,1.2784,2.1818,0.78691,-0.94399,2.8451,0.53727,2.1298,2.4939,-2.4316,0.42308,1.7914,-2.6646,-1.0968,1.1355,0.7443,0.074245,0.39234,-0.93948,-0.66998,-0.94883,-2.984,-1.2688,-3.3978,-2.8283,-1.3571,-0.95289,0.090229,0.7264,-3.9952,3.8336,3.9545,-2.3328,-1.3074,-0.45401,-1.4993,-1.2641,-9.5827,-11.352,3.2023,-0.42224,-1.7816,4.9762,2.4174,7.6402,4.4039,-4.9101,1.2653,1.5312,2.7996,6.9169,1.17,3.9204,-4.6198,-2.3715,1.913,-3.0183,3.2885,3.1022,0.97834,3.8726,-4.0832,-6.1042,0.024736,8.7717,4.3202,-2.5331,-4.0172,-2.6188,-1.2363,-4.7122,-0.65155,2.4542,16.088,6.5906,4.6978,-0.62283,-0.55694,1.0603,-0.53997,-0.7703,-3.694,-0.52784,0.24025,-0.83814,-3.0934,-1.3117,-1.8797,0.14354,-2.4095,-4.0558,1.0164,1.2637,-0.83365,-3.4327,-2.0301,-2.3132,0.62519,2.6138,1.5968,2.4457,1.9734,-0.80912,0.23765,4.0013,3.3869,2.1587,-0.83279,-1.3209,0.00074896,1.2093,0.80564,2.7551,3.8421,3.1583,0.87294,-3.064,2.5371,1.6253,1.1465,-0.56531,-0.44821,0.18366,3.4884,2.4601,1.8581,0.63203,2.4063,4.3206,3.2698,5.1732,2.3324,0.56716,1.6378,-2.9846,0.65931,-3.7723,2.3488,4.5271,2.0518,0.15286,-1.14,1.761,3.571,2.7939,-5.2555,1.9715,6.5181,3.8375,4.8493,4.703,3.3472,4.9356,7.697,4.8361,0.86994,-1.661,-10.419,-6.1742,2.8225,-2.0694,-3.2431,-0.99025,10.094,9.6074,21.456,-6.2761,-7.2808,6.0097,1.9993,2.5551,-1.0421,-2.5744,8.6527,-7.1586,-4.2863,4.8362,1.0665,-8.0953,7.5215,6.1121,6.4621,5.0246,-6.2756,-1.5984,-2.3826,7.0462,1.1336,1.8009,1.7047,1.6853,3.997,2.7579,1.1704,-2.4718,-2.446,-12.798,2.2383,9.712,4.8767,3.2005,-0.94745,-0.58721,0.37519,4.0555,-8.0253,-11.592,-10.478,-11.142,1.7405,11.762,5.3206,-4.578,2.8946,-1.8484,3.6727,8.0156,3.6047,0.018426,8.1618,8.3302,-5.5111,-3.2004,-4.065,-3.5066,4.8008,5.5004,-3.7163,3.3356,-2.9182,4.8085,0.91967,-13.51,-1.6674,-6.5927,-2.8834,-2.1718,1.2927,3.1929,-0.56964,-4.2261,-2.485,-0.21957,-0.46012,-4.968,-11.321,-9.0773,16.868,3.2386,-6.6828,-9.3365,-3.2439,0.58823,0.90618,1.6711,1.3062,-5.0847,-3.1201,-8.9201,-8.3843,-1.8015,5.3007,5.4325,1.4305,-1.0699,3.8096,8.46,5.3761,-6.4074,-9.6171,-4.029,-1.5327,-7.9888,-6.7575,-1.9207,-6.7127,0.040583,0.18943,2.7443,-0.92839,-11.295,-8.2098,6.4595,3.6261,-4.1706,-2.1863,2.179,-1.6531,1.545,7.4427,1.3512,-1.5612,3.3385,0.22628,-10.149,-6.623,7.3898,3.8381,-11.163,-7.1262,-4.1923,-3.9582,-8.9324,1.7373,13.251,3.4993,-10.195,1.8522,3.368,0.7736,4.6828,-0.51502,-3.593,-0.081282,-7.3426,-8.1353,-9.2185,1.238,-2.9924,9.7652,0.41648,-7.3029,-7.8058,-3.0331,-2.1703,7.5558,-2.6308,-1.3765,-2.7309,-0.60819,2.9103,3.5565,3.0769,6.2379,-0.81608,-4.0534,-12.586,-9.6187,15.303,-4.8167,-12.259,14.722,5.227,4.3659,-3.6256,3.5012,3.9252,-2.4977,-0.59422
3.9095,3.2108,1.4063,1.9327,4.7593,3.1708,2.5004,1.5226,1.6015,3.4914,1.5952,0.24868,0.51906,1.7883,1.9356,4.5193,2.9006,0.60604,1.5084,-3.2348,2.0924,0.8306,-3.0163,-0.83628,-2.5413,-4.9782,-2.3173,2.8778,-1.2418,-1.3807,-0.20951,1.1088,-1.5007,0.80882,2.8382,2.0538,-3.3993,-3.0861,-4.1494,-4.3687,-4.6802,-3.2304,-1.5403,2.6812,1.0307,3.0443,4.6224,0.94434,1.189,-0.15619,1.2144,-0.21546,1.6264,1.6533,-0.97844,2.2751,1.743,2.4514,-1.3064,-1.4419,-0.86,-0.3218,-2.0257,2.9901,2.3019,-0.043147,-2.6369,0.80371,0.19194,-0.97645,0.99326,3.1888,0.57697,-0.6753,-0.14152,-1.0782,-1.0767,2.0214,-0.99285,-2.7948,0.98794,1.2968,1.839,0.94302,2.1564,-0.81352,-0.29112,-0.40254,1.7926,0.14365,-0.21599,0.69676,2.2521,0.22979,2.0572,-1.6133,1.9853,1.455,1.5619,4.6668,1.6268,-1.1809,-3.7338,3.7069,-0.47566,-11.436,-4.5012,-5.0708,0.46071,-0.4808,-4.0433,3.9484,7.8248,0.74727,-4.2114,4.2049,3.1255,-3.5401,-0.67526,-9.0069,-3.5565,-0.10652,0.76504,2.4768,1.0655,1.4175,-3.7229,-2.9819,1.0207,-4.5153,3.2115,2.8322,-0.31647,2.154,-0.95267,-2.079,-4.0322,5.8494,4.0211,-0.969,-6.0217,-3.4702,-6.7829,-6.8708,1.4114,5.6819,8.7545,8.9024,6.772,2.4155,-2.1352,-1.1215,-0.28943,2.5245,-1.3766,-0.77631,-0.31408,0.065163,2.2139,1.8601,1.1978,1.8455,1.038,0.43936,2.2811,2.2495,-0.015931,-1.4593,1.5732,1.0868,-1.1568,4.1664,-1.4826,-0.69672,-0.55288,2.9704,-0.044079,-1.4513,2.5669,4.5585,0.33928,2.2472,1.663,1.2815,1.4722,0.36555,-0.45691,2.1054,0.3745,0.95355,1.6888,-3.0564,1.5337,1.041,0.2758,1.6256,0.81761,3.3198,0.12174,1.2099,0.81316,-0.41176,1.6056,2.0107,2.8083,2.2658,0.096757,-0.62802,-1.6844,-0.71466,1.5891,0.12938,2.5533,-0.31776,0.42543,1.804,-1.0276,5.5767,-1.667,0.075919,3.2648,0.56114,-0.75299,2.9146,3.6047,4.8718,6.3148,4.2343,5.1043,-0.14137,-7.983,-7.6581,1.853,-7.5877,-9.2301,-3.9383,3.5596,12.351,8.1542,-5.9832,-6.773,3.6717,2.8541,4.0659,-4.6111,-3.2727,9.5481,-9.8025,-13.27,1.8967,-4.7975,-12.723,4.392,0.7034,4.3331,3.0707,-8.1366,-2.1689,-5.722,1.2501,0.7938,1.1941,-0.57236,0.83831,2.5149,1.1042,3.7495,-0.38526,-0.31489,-5.0573,-1.1443,4.0385,0.54194,2.3992,-0.098407,-1.4035,2.3339,2.4184,-5.3144,-12.377,-13.223,-12.277,-6.68,4.5361,0.7935,-10.436,-2.7944,-4.2066,4.1691,6.0493,3.3337,-3.0661,4.0774,7.3014,-8.655,-7.9783,-5.1647,-7.4362,2.6101,2.3861,-0.39275,-1.215,-4.028,2.2411,5.2856,-6.215,-6.2767,-11.093,0.028205,-4.9575,3.6937,1.9704,-1.8383,-2.4625,-5.6522,-0.80263,4.2806,-4.1994,-11.547,-4.4044,6.1432,3.4078,0.89927,-3.6253,-4.3394,3.3631,-4.1116,-3.168,-1.1651,0.27902,8.0515,-1.7913,-7.0313,-1.9506,3.5561,3.5888,1.9717,-1.3727,4.427,4.7784,2.6893,-7.9673,-11.21,-8.2228,-6.2748,-6.2271,-4.3975,-3.2463,-10.019,0.58862,5.1165,5.0526,3.7256,-7.9924,-5.1442,2.4493,4.1325,-1.1241,-2.1787,4.0079,-2.0328,-0.88589,5.2791,4.4851,-2.7669,-0.91641,-6.3571,-9.5832,-9.0914,2.6633,-2.5842,-8.602,-5.3256,-6.1325,-0.74903,-5.9134,-1.28,-1.7854,-6.1091,-3.0919,2.7483,3.572,-1.545,0.92642,-3.5274,-7.1096,-3.0205,-8.8459,-5.651,-2.679,1.122,-1.8208,9.0443,1.1215,-7.4599,-10.243,-6.505,-5.5908,4.2582,-2.7716,-5.2424,-8.3026,-0.90369,3.012,3.1634,8.7126,4.8698,-6.3393,-5.9837,-8.3973,-4.7578,11.858,2.3413,-6.8596,3.0375,3.7686,2.0737,-3.6618,2.3154,2.083,-3.1308,-0.38891
-0.62079,-0.22588,-0.54823,1.3909,-0.16477,1.5406,0.85822,1.2438,-0.79491,0.88156,-0.2067,0.031468,-2.3261,-3.5587,0.55191,-0.10272,1.516,-0.15204,0.31256,3.0742,-0.24854,-1.5992,-0.45083,0.15529,-2.2178,-2.0476,-2.1804,-0.0045054,-1.2234,-0.34924,-0.22477,1.1836,0.84652,-0.97918,1.1589,-1.4574,0.68737,1.1667,0.87705,1.6636,1.2949,1.8055,-1.6153,-3.1745,0.60984,1.1011,-0.62541,-1.0613,-1.0673,1.8822,-0.84365,-3.0523,0.29547,-0.93687,-0.43841,0.67927,-1.849,-0.075611,-2.7467,-3.2237,-0.78024,2.3881,0.12807,-0.93103,0.62766,-0.73117,-0.38484,-2.2651,1.0381,1.6574,-0.98873,-3.1456,0.68615,0.20964,0.4166,2.3611,-0.12151,-0.36906,0.33306,2.8405,0.064711,-1.5668,0.53139,1.8508,-0.19167,0.23094,0.41573,0.3578,-1.7613,-0.17659,0.44986,0.67223,-3.2576,1.2509,1.8365,3.0475,1.5941,-1.2084,-1.3104,-1.3567,0.56645,-0.54205,-9.8615,-1.3005,-1.7428,-7.5826,-3.5307,-3.1655,0.53424,-0.24823,2.5689,10.754,8.0431,0.76767,-3.6843,3.4642,1.5833,-3.022,-1.5868,-8.9319,-2.5318,3.0963,0.0073785,1.9516,0.5312,1.8785,1.6663,-2.277,-0.54292,-2.599,0.79478,-0.71219,-1.3498,5.373,-0.14366,0.65751,-2.9412,3.8035,3.8828,0.54613,-1.6704,-6.0942,-8.1854,-6.5535,8.7812,12.415,4.1393,5.9905,-0.065909,4.9072,0.84461,0.025802,-0.45706,0.21121,-2.4212,1.4451,0.96314,1.5098,0.1152,-2.4059,-1.0764,-0.67314,-0.36043,0.12379,-2.9111,-0.12265,-0.97941,-0.3333,-1.4853,-0.79409,1.6886,1.1877,1.9798,0.28716,-0.20171,-0.93237,-0.047899,1.6561,1.7047,0.21119,-2.0838,-2.2382,-1.2809,-0.93059,0.35166,-0.62184,-1.0294,1.3089,-0.99792,0.64063,-0.2103,0.45874,-0.20735,-1.105,-0.76019,1.1014,-0.25401,1.1999,-2.3106,0.54129,-0.49411,-1.1989,0.95187,1.6171,0.80463,-2.4614,-2.5506,0.66995,-0.7041,-3.068,0.77531,1.4253,1.4403,-0.95397,-0.56111,-2.0784,-2.2376,-1.6656,-1.363,1.2212,3.5199,2.4007,1.5339,6.1227,3.358,4.3652,3.4142,3.9129,6.6903,3.6831,-5.5648,-4.7586,2.8044,-5.8938,-10.56,-0.74669,0.54255,10.642,-3.9854,-1.8765,-4.8777,2.8275,5.4399,1.8099,-3.7145,-1.7575,0.89353,-9.5095,-14.324,-0.25651,-5.0494,-8.9743,4.6299,3.3062,4.3958,3.1175,-3.7258,-1.9298,-2.2927,1.1136,3.591,2.4534,0.92256,-0.9978,-0.40381,-1.4818,2.677,-0.96668,0.62325,-5.9216,-0.1619,2.7108,-0.41709,1.3664,-0.018983,0.4522,4.1696,2.4401,-2.7276,-8.4846,-12.172,-6.9955,-4.7738,3.4538,0.67046,-10.234,0.18614,-1.7582,2.2658,4.7931,6.7376,-0.20896,1.6913,8.0349,-4.7965,-9.0499,-2.7274,-5.9486,3.0262,3.4407,-2.9963,-4.4292,-5.3921,2.4279,1.8041,-7.9963,-2.9585,-8.2096,5.3392,-2.5379,3.2886,2.9665,0.39261,1.7676,-1.8776,0.9433,-0.41742,0.32245,-5.6642,2.3334,-1.2582,1.8895,7.6865,3.8511,-0.62505,3.1733,-3.82,-1.9466,0.8064,1.5991,11.721,7.7397,-3.3535,-0.95753,1.3092,2.5048,4.9755,0.47359,1.1787,5.2332,3.4689,-0.93687,-5.6394,-6.1124,1.2448,-5.4733,-4.9166,-5.7404,-10.582,0.48958,5.2552,7.9009,8.8953,-0.63274,-1.9331,2.2952,5.2433,2.1415,-2.2777,3.0636,-1.2793,0.21054,3.4864,4.4413,-3.7767,0.68845,-3.1133,-2.8436,-5.5646,2.6117,-4.6584,-6.2792,-3.8689,-5.0602,0.2875,-3.4217,-3.3833,-7.5727,-0.99283,5.7865,3.0077,8.9688,5.7406,4.4423,-0.93842,-7.2704,-5.139,-6.8373,2.1972,3.6844,5.6707,3.1147,6.3527,2.0605,-2.8212,-7.9971,-6.7713,-5.4949,-0.64892,-2.0928,-4.9753,-7.5256,-0.31984,-0.017873,1.5673,5.4675,1.0747,-8.3201,-0.57298,-5.5998,2.1735,1.5436,6.1708,-0.90583,-2.7082,2.5126,3.708,-5.0052,0.71639,6.8357,-0.65415,-2.0506
1.3308,0.74001,0.88839,-0.19464,1.5375,1.743,1.7244,2.0512,1.6471,3.0215,0.43383,0.0030574,-0.75413,0.1435,-0.66167,0.52516,0.68176,1.2896,0.11473,-1.509,2.218,3.628,1.5413,-0.4523,0.90041,1.7155,2.2302,1.3875,0.39354,-1.4058,0.52662,1.088,0.88966,-0.61637,2.2442,-0.3229,-0.0065433,-1.1252,0.86461,0.30777,0.28681,0.4264,1.2605,1.6535,-1.6378,0.1784,-0.68474,-0.34898,1.6353,0.22276,0.92899,1.2398,0.27728,-0.62475,0.2557,-0.78243,0.40574,1.3477,0.092045,-0.72382,-0.1327,-2.3413,-0.6319,0.012604,-0.12808,1.3043,-0.90433,1.5348,1.9595,-0.25718,0.73552,1.4604,0.0031498,0.97493,1.7864,0.72914,0.14275,1.7988,1.3197,0.076631,-0.44665,-0.97409,-0.29261,-0.0077098,0.37114,-1.1022,-0.839,-1.0195,-0.10011,0.022266,1.673,-0.89911,0.33287,2.3015,-0.94044,-2.3033,-1.8962,-0.1422,-0.25923,1.3104,-0.070667,2.1141,-3.7634,-3.1436,-1.0786,1.1492,1.3832,-3.5505,-0.94388,-1.5782,1.2702,6.8375,3.0528,-1.4473,-4.1894,0.30061,-2.8212,-4.6759,-4.3868,-9.4591,1.0971,0.092281,-2.79,-0.38195,0.1463,4.4881,2.7534,-2.4136,-0.41672,-4.8299,-5.0055,-1.5131,0.64567,4.8447,0.60984,-0.52946,-1.6214,2.1178,4.4314,2.6048,-2.5976,-4.7299,-9.2006,-5.7464,4.1977,7.075,-2.9575,-1.1103,-0.39712,0.28674,-0.51264,0.18984,-0.82586,-1.0083,-0.79272,0.01926,-0.24098,0.22302,-0.63557,1.0149,-0.57276,-0.27517,1.9074,1.3436,1.1832,-0.0015716,2.1095,0.20335,-0.16513,1.1953,-0.17257,1.3512,-0.35086,-0.24783,0.99927,1.4853,1.1693,0.68566,1.0764,1.0569,0.34885,-0.54625,-0.32883,0.83,1.8955,1.546,0.99607,1.211,-1.0082,-0.97357,-1.479,-1.6253,-0.56651,0.24182,-0.36649,1.471,0.50471,-0.48833,0.28045,1.8271,1.6325,1.0372,1.1507,1.6498,2.6564,2.0524,0.104,-0.36239,1.5874,-0.022878,0.58004,0.27222,-0.67559,0.05121,0.62744,0.39531,1.309,1.2575,-1.9306,0.54706,3.9151,1.063,1.341,3.6857,0.81219,3.091,1.7847,1.7205,4.8173,4.2044,-3.8641,-2.4993,0.084429,-7.7103,-7.4065,-1.5144,-2.5989,3.0763,-6.8651,-1.055,-6.7211,-0.62439,2.3889,-1.6945,-4.9047,-5.0643,-0.50851,-7.0766,-11.613,-2.3821,-6.9461,-10.344,1.7661,4.5364,6.9027,2.2808,-4.6342,-2.2428,-3.2014,-2.4963,0.75325,1.6681,0.99257,-2.7308,-2.3361,-2.7767,0.55627,-4.2561,-0.11586,-0.28826,-1.8915,3.9021,1.4319,-3.7692,-4.2909,-0.93515,4.0493,1.6116,-2.5173,-6.9829,-10.703,-5.1437,-4.1031,1.61,-2.1232,-8.8081,0.97977,-3.7145,2.6124,7.0319,4.8337,-1.5174,-1.8993,4.1172,-4.1538,-7.2387,-4.5601,-5.8383,0.037872,0.56425,-1.6601,-4.1801,-4.533,0.27105,-0.99282,-4.3519,1.1342,-2.9456,6.558,-1.3912,-0.032718,-2.3047,-2.7661,3.2578,-0.35137,-0.2251,-0.44902,0.43796,-4.1165,2.1372,-5.8864,1.2591,4.6179,5.8303,-1.6526,2.5293,-3.1115,-2.7994,-1.2643,1.0717,9.5377,10.477,-0.35543,-3.7724,0.86541,0.41825,3.6538,-0.41662,3.6032,1.8915,-0.96276,-1.8056,-0.30355,-4.1973,0.96064,-0.51915,-3.6917,-5.7845,-10.008,1.0532,2.4794,5.3593,8.1948,4.2614,-1.9339,0.29517,3.4596,1.8351,-2.3936,0.25937,-2.7904,-0.5496,-0.84392,3.9138,-1.2548,-2.1909,-7.0921,-3.7294,-6.7613,-1.797,-5.4741,-3.4325,-5.3395,-5.2117,1.478,-0.22461,-2.4626,-4.6948,0.94785,6.8201,1.7413,4.6631,2.3976,0.77305,-1.9172,-8.3652,-8.031,-8.7198,1.3606,3.54,3.2037,1.9293,1.8394,1.8955,-0.71415,-7.3633,-6.1445,-7.3638,-2.109,-1.4823,-4.9475,-6.5583,0.028225,0.76395,-0.42018,1.8375,-3.3339,-7.9059,0.012919,-1.8463,4.8649,-2.2889,5.7173,1.0967,-5.5548,-1.5155,-0.0025793,-3.8385,-2.7619,5.0284,-2.9031,-0.3589
